-- phpMyAdmin SQL Dump
-- version 5.2.1
-- https://www.phpmyadmin.net/
--
-- Host: mysql
-- Generation Time: Feb 04, 2025 at 04:38 AM
-- Server version: 8.0.37
-- PHP Version: 8.2.8

SET SQL_MODE = "NO_AUTO_VALUE_ON_ZERO";
START TRANSACTION;
SET time_zone = "+00:00";


/*!40101 SET @OLD_CHARACTER_SET_CLIENT=@@CHARACTER_SET_CLIENT */;
/*!40101 SET @OLD_CHARACTER_SET_RESULTS=@@CHARACTER_SET_RESULTS */;
/*!40101 SET @OLD_COLLATION_CONNECTION=@@COLLATION_CONNECTION */;
/*!40101 SET NAMES utf8mb4 */;

--
-- Database: `tracker_intern`
--

-- --------------------------------------------------------

--
-- Table structure for table `add_to_cart`
--

CREATE TABLE `add_to_cart` (
  `id` char(36) CHARACTER SET utf8mb4 COLLATE utf8mb4_bin NOT NULL,
  `sessionId` char(36) CHARACTER SET utf8mb4 COLLATE utf8mb4_bin NOT NULL,
  `productId` varchar(255) NOT NULL,
  `productCost` float NOT NULL,
  `currency` varchar(255) NOT NULL,
  `productName` varchar(255) NOT NULL,
  `userId` varchar(255) NOT NULL,
  `timestamp` datetime NOT NULL,
  `createdAt` datetime NOT NULL,
  `updatedAt` datetime NOT NULL
) ENGINE=InnoDB DEFAULT CHARSET=utf8mb4 COLLATE=utf8mb4_0900_ai_ci;

--
-- Dumping data for table `add_to_cart`
--

INSERT INTO `add_to_cart` (`id`, `sessionId`, `productId`, `productCost`, `currency`, `productName`, `userId`, `timestamp`, `createdAt`, `updatedAt`) VALUES
('09dee38e-3042-49d5-b7c5-d375ba3dd6b3', '1bf0be94-dc0d-4564-9fa7-05beb408f5a5', '2', 999.99, 'USD', 'Smartphone', '12', '2025-01-08 15:05:27', '2025-01-08 15:05:27', '2025-01-08 15:05:27'),
('0b435315-a444-4347-9ce1-1e40e523b67a', '4d96a921-5414-4ad2-be1c-717e034808d2', '1', 199.99, 'USD', 'Wireless Headphones', '12', '2024-12-17 07:09:32', '2024-12-17 07:09:32', '2024-12-17 07:09:32'),
('0d759778-6b82-498d-a135-cc0b8606bbf9', '43b26b45-dfe0-4560-944c-9ed0feda2306', '3', 1499.99, 'USD', 'Laptop', '12', '2024-12-16 14:51:46', '2024-12-16 14:51:46', '2024-12-16 14:51:46'),
('0ed5668b-a03a-49ab-9952-2129ac0ccb36', 'c77c944f-b66a-4633-9dad-4c35e4de8ace', '4', 299.99, 'USD', 'Smartwatch', '12', '2024-12-18 12:54:15', '2024-12-18 12:54:15', '2024-12-18 12:54:15'),
('19e0061a-edfe-41ae-8f74-49325f8208ec', 'd6f53ce8-aa3f-4be6-8972-8938465ab7ea', '5', 149.99, 'USD', 'Wireless Earbuds', '12', '2025-01-06 08:23:21', '2025-01-06 08:23:21', '2025-01-06 08:23:21'),
('1ab3cd10-73aa-4dbd-86ba-c11f32fc0287', 'd6f53ce8-aa3f-4be6-8972-8938465ab7ea', '4', 299.99, 'USD', 'Smartwatch', '12', '2025-01-06 11:50:08', '2025-01-06 11:50:08', '2025-01-06 11:50:08'),
('1ae2b571-e393-4ec7-a534-8344f6df4b51', 'd6f53ce8-aa3f-4be6-8972-8938465ab7ea', '3', 1499.99, 'USD', 'Laptop', '12', '2025-01-06 08:23:18', '2025-01-06 08:23:18', '2025-01-06 08:23:18'),
('23caa33f-226e-4281-8cda-f1a1fe28685c', '1bf0be94-dc0d-4564-9fa7-05beb408f5a5', '3', 1499.99, 'USD', 'Laptop', '12', '2025-01-11 04:27:05', '2025-01-11 04:27:05', '2025-01-11 04:27:05'),
('2642adf1-ab86-4f8a-8a26-581faffa8dcf', 'b7c07ead-c3a2-44f8-aab8-4696060af004', '1', 199.99, 'USD', 'Wireless Headphones', '12', '2025-01-07 13:06:53', '2025-01-07 13:06:53', '2025-01-07 13:06:53'),
('27bc9cef-f33e-45e0-8fe4-d2fc02f89fb2', 'd6f53ce8-aa3f-4be6-8972-8938465ab7ea', '6', 599.99, 'USD', 'Tablet', '12', '2025-01-06 08:23:20', '2025-01-06 08:23:20', '2025-01-06 08:23:20'),
('27e41d83-be74-46a9-b108-19acd1f6af56', 'b7c07ead-c3a2-44f8-aab8-4696060af004', '2', 999.99, 'USD', 'Smartphone', '12', '2025-01-07 13:07:40', '2025-01-07 13:07:40', '2025-01-07 13:07:40'),
('2873d0a0-4de2-478f-9ff1-ef814d115559', 'd6f53ce8-aa3f-4be6-8972-8938465ab7ea', '3', 1499.99, 'USD', 'Laptop', '12', '2025-01-06 08:08:15', '2025-01-06 08:08:15', '2025-01-06 08:08:15'),
('28e2578c-b641-430b-af1e-002a36771e49', '293baeba-831b-43b2-a273-caca0ccf5dca', '1', 199.99, 'USD', 'Wireless Headphones', '12', '2025-01-06 12:14:28', '2025-01-06 12:14:28', '2025-01-06 12:14:28'),
('2a03e432-679c-4db7-964e-e553b483ff53', '652370e6-4fd5-4156-b9ec-8110cac8453d', '3', 1499.99, 'USD', 'Laptop', '12', '2024-12-16 13:31:39', '2024-12-16 13:31:39', '2024-12-16 13:31:39'),
('2da2866b-13df-4b05-8d46-90dc99084f8c', 'd9f20c1f-3f44-4f64-a7fa-f80844a0bca4', '3', 1499.99, 'USD', 'Laptop', '12', '2024-12-18 13:30:38', '2024-12-18 13:30:38', '2024-12-18 13:30:38'),
('2e7a646b-8581-47d3-a161-0603b3ca1b90', '1bf0be94-dc0d-4564-9fa7-05beb408f5a5', '5', 149.99, 'USD', 'Wireless Earbuds', '12', '2025-01-19 08:36:54', '2025-01-19 08:36:57', '2025-01-19 08:36:57'),
('308a1fa5-4245-4c9a-bca7-6dbd85a69535', 'd6f53ce8-aa3f-4be6-8972-8938465ab7ea', '3', 1499.99, 'USD', 'Laptop', '12', '2025-01-04 16:26:28', '2025-01-04 16:26:28', '2025-01-04 16:26:28'),
('322dd017-cee4-42d2-9e4d-86ae695b47a6', '43b26b45-dfe0-4560-944c-9ed0feda2306', '3', 1499.99, 'USD', 'Laptop', '12', '2024-12-16 14:52:32', '2024-12-16 14:52:32', '2024-12-16 14:52:32'),
('33b97c29-0c95-4364-80a6-07bf5a927df8', '4d96a921-5414-4ad2-be1c-717e034808d2', '1', 199.99, 'USD', 'Wireless Headphones', '12', '2024-12-17 07:06:44', '2024-12-17 07:06:44', '2024-12-17 07:06:44'),
('3d740c61-356d-44f4-a4cb-309c0361915c', '067a32a6-ad28-4b4e-8ebf-7791392e0f1b', '3', 1499.99, 'USD', 'Laptop', '12', '2024-12-16 17:13:42', '2024-12-16 17:13:42', '2024-12-16 17:13:42'),
('3e2bdc75-4d70-4cc9-b87f-7a78648bc260', 'd6f53ce8-aa3f-4be6-8972-8938465ab7ea', '3', 1499.99, 'USD', 'Laptop', '12', '2025-01-06 11:56:12', '2025-01-06 11:56:12', '2025-01-06 11:56:12'),
('3e6b8976-48f5-43fc-99cf-e15a7b9c0a94', 'b7c07ead-c3a2-44f8-aab8-4696060af004', '3', 1499.99, 'USD', 'Laptop', '12', '2025-01-07 13:07:30', '2025-01-07 13:07:31', '2025-01-07 13:07:31'),
('48ad04f2-a90e-4aff-bf0a-442055e39812', 'c77c944f-b66a-4633-9dad-4c35e4de8ace', '6', 599.99, 'USD', 'Tablet', '12', '2024-12-18 12:54:18', '2024-12-18 12:54:18', '2024-12-18 12:54:18'),
('4b40bffe-2b78-4639-8f6b-67578cd2410c', '1bf0be94-dc0d-4564-9fa7-05beb408f5a5', '1', 199.99, 'USD', 'Wireless Headphones', '12', '2025-01-08 14:57:47', '2025-01-08 14:57:47', '2025-01-08 14:57:47'),
('4b4ddd05-b9b4-4124-aeaf-df02122695c1', 'c77c944f-b66a-4633-9dad-4c35e4de8ace', '1', 199.99, 'USD', 'Wireless Headphones', '12', '2024-12-18 12:54:08', '2024-12-18 12:54:08', '2024-12-18 12:54:08'),
('4ce3715b-ac1b-434b-8372-71c51e505b6e', '1bf0be94-dc0d-4564-9fa7-05beb408f5a5', '1', 199.99, 'USD', 'Wireless Headphones', 'test-user', '2025-01-08 15:05:02', '2025-01-08 15:05:02', '2025-01-08 15:05:02'),
('4df0f3cb-c7d6-45f4-a2fa-1f5a6d064981', 'b7c07ead-c3a2-44f8-aab8-4696060af004', '3', 1499.99, 'USD', 'Laptop', '12', '2025-01-07 13:06:47', '2025-01-07 13:06:47', '2025-01-07 13:06:47'),
('4e8b7669-dacf-491d-82a3-97a1dbe485cc', 'e20d0f78-7e06-44f7-a099-0ec5f7c6976d', '3', 1499.99, 'USD', 'Laptop', '12', '2024-12-16 17:37:14', '2024-12-16 17:37:15', '2024-12-16 17:37:15'),
('5314668c-95f4-4431-ba4e-3ce549e186c9', 'c77c944f-b66a-4633-9dad-4c35e4de8ace', '1', 199.99, 'USD', 'Wireless Headphones', '12', '2024-12-18 12:54:09', '2024-12-18 12:54:09', '2024-12-18 12:54:09'),
('5befcd07-ed2c-430f-8d83-5a4cf1e3be10', 'd6f53ce8-aa3f-4be6-8972-8938465ab7ea', '5', 149.99, 'USD', 'Wireless Earbuds', '12', '2025-01-06 08:23:05', '2025-01-06 08:23:05', '2025-01-06 08:23:05'),
('6277d8fe-1a1e-4ee8-a42a-d4f964760d72', '43b26b45-dfe0-4560-944c-9ed0feda2306', '3', 1499.99, 'USD', 'Laptop', '12', '2024-12-16 14:22:02', '2024-12-16 14:22:02', '2024-12-16 14:22:02'),
('62e5a423-5fc2-4b35-abd5-d9cd16a9fc4a', 'b7c07ead-c3a2-44f8-aab8-4696060af004', '3', 1499.99, 'USD', 'Laptop', '12', '2025-01-08 07:53:34', '2025-01-08 07:53:34', '2025-01-08 07:53:34'),
('63a85b7d-992e-4814-bd92-43ec2514e399', 'd6f53ce8-aa3f-4be6-8972-8938465ab7ea', '3', 1499.99, 'USD', 'Laptop', '12', '2025-01-04 16:26:29', '2025-01-04 16:26:29', '2025-01-04 16:26:29'),
('63bc593c-54d8-4031-94dc-4571ab5b1500', 'd6f53ce8-aa3f-4be6-8972-8938465ab7ea', '2', 999.99, 'USD', 'Smartphone', '12', '2025-01-06 11:52:01', '2025-01-06 11:52:01', '2025-01-06 11:52:01'),
('664e4ddc-916b-47a4-8729-afe7d7d7c09a', 'd6f53ce8-aa3f-4be6-8972-8938465ab7ea', '1', 199.99, 'USD', 'Wireless Headphones', '12', '2025-01-06 08:23:31', '2025-01-06 08:23:31', '2025-01-06 08:23:31'),
('68a0f945-985c-42cd-9543-6b24289dccac', '1bf0be94-dc0d-4564-9fa7-05beb408f5a5', '1', 199.99, 'USD', 'Wireless Headphones', '12', '2025-01-11 04:20:33', '2025-01-11 04:20:33', '2025-01-11 04:20:33'),
('6b7dbfb0-7025-44ba-8197-b5488a050c0c', 'b7c07ead-c3a2-44f8-aab8-4696060af004', '3', 1499.99, 'USD', 'Laptop', '12', '2025-01-07 16:27:52', '2025-01-07 16:27:52', '2025-01-07 16:27:52'),
('6d244221-7649-4654-9716-5804066c150b', '53f36b86-564c-4f57-94d5-9c1eafabede6', '3', 1499.99, 'USD', 'Laptop', '12', '2025-01-04 16:04:49', '2025-01-04 16:04:49', '2025-01-04 16:04:49'),
('71830c74-6160-4c48-9cec-665178e30bdb', '1bf0be94-dc0d-4564-9fa7-05beb408f5a5', '1', 199.99, 'USD', 'Wireless Headphones', '12', '2025-01-11 04:19:53', '2025-01-11 04:19:54', '2025-01-11 04:19:54'),
('723c5481-6201-46af-92ca-8d1d91bd3f37', 'd6f53ce8-aa3f-4be6-8972-8938465ab7ea', '3', 1499.99, 'USD', 'Laptop', '12', '2025-01-06 08:18:49', '2025-01-06 08:18:49', '2025-01-06 08:18:49'),
('76480961-6461-45b2-a0db-1302a8be2244', 'd6f53ce8-aa3f-4be6-8972-8938465ab7ea', '3', 1499.99, 'USD', 'Laptop', '12', '2025-01-06 08:08:55', '2025-01-06 08:08:56', '2025-01-06 08:08:56'),
('76b7814e-3692-4af8-be2d-9a59875d3ab8', 'c77c944f-b66a-4633-9dad-4c35e4de8ace', '5', 149.99, 'USD', 'Wireless Earbuds', '12', '2024-12-18 12:54:17', '2024-12-18 12:54:17', '2024-12-18 12:54:17'),
('790b1a58-3d6a-4930-9650-078913faefc0', 'd6f53ce8-aa3f-4be6-8972-8938465ab7ea', '3', 1499.99, 'USD', 'Laptop', '12', '2025-01-06 08:09:54', '2025-01-06 08:09:54', '2025-01-06 08:09:54'),
('7d4bbd02-73fe-4bd4-9c5b-84e9c214b222', 'd6f53ce8-aa3f-4be6-8972-8938465ab7ea', '3', 1499.99, 'USD', 'Laptop', '12', '2025-01-06 08:16:53', '2025-01-06 08:16:53', '2025-01-06 08:16:53'),
('7f877d74-e800-4066-bf66-a7853df2a6c1', 'd6f53ce8-aa3f-4be6-8972-8938465ab7ea', '2', 999.99, 'USD', 'Smartphone', 'test-user', '2025-01-06 10:50:21', '2025-01-06 10:50:21', '2025-01-06 10:50:21'),
('84ed1239-c449-4033-b88a-a299e599af95', 'c77c944f-b66a-4633-9dad-4c35e4de8ace', '1', 199.99, 'USD', 'Wireless Headphones', '12', '2024-12-18 12:54:11', '2024-12-18 12:54:11', '2024-12-18 12:54:11'),
('87302186-8cc3-44c8-be2f-42c3771cc7c2', 'd6f53ce8-aa3f-4be6-8972-8938465ab7ea', '2', 999.99, 'USD', 'Smartphone', '12', '2025-01-06 11:52:01', '2025-01-06 11:52:01', '2025-01-06 11:52:01'),
('8afa47a9-d716-4258-a358-8a19ab005204', '1bf0be94-dc0d-4564-9fa7-05beb408f5a5', '2', 999.99, 'USD', 'Smartphone', '12', '2025-01-08 14:58:18', '2025-01-08 14:58:19', '2025-01-08 14:58:19'),
('8f7068e8-e1ca-48ff-a8c2-5487ee8b50cd', '1bf0be94-dc0d-4564-9fa7-05beb408f5a5', '1', 199.99, 'USD', 'Wireless Headphones', '12', '2025-01-11 04:36:45', '2025-01-11 04:36:45', '2025-01-11 04:36:45'),
('938a3e1a-2341-49d3-8b18-e40f66758bbf', 'd6f53ce8-aa3f-4be6-8972-8938465ab7ea', '2', 999.99, 'USD', 'Smartphone', '12', '2025-01-06 11:52:01', '2025-01-06 11:52:01', '2025-01-06 11:52:01'),
('93de92fe-a688-4e52-99a4-01f4ceb42444', 'd6f53ce8-aa3f-4be6-8972-8938465ab7ea', '3', 1499.99, 'USD', 'Laptop', '12', '2025-01-06 08:05:04', '2025-01-06 08:05:04', '2025-01-06 08:05:04'),
('947a4ee5-ba2d-4d97-b6ee-fd871f8d563a', 'd6f53ce8-aa3f-4be6-8972-8938465ab7ea', '6', 599.99, 'USD', 'Tablet', '12', '2025-01-06 08:23:03', '2025-01-06 08:23:03', '2025-01-06 08:23:03'),
('96afdb4e-bb79-45cc-a275-4482cb05a180', 'e20d0f78-7e06-44f7-a099-0ec5f7c6976d', '1', 199.99, 'USD', 'Wireless Headphones', '12', '2024-12-16 17:37:09', '2024-12-16 17:37:09', '2024-12-16 17:37:09'),
('9908946a-407f-4d23-b565-feb99c55f5b0', 'd6f53ce8-aa3f-4be6-8972-8938465ab7ea', '1', 199.99, 'USD', 'Wireless Headphones', '12', '2025-01-06 11:57:12', '2025-01-06 11:57:12', '2025-01-06 11:57:12'),
('9a33b276-365b-48e1-8fd1-c6ac466b7ddd', '1bf0be94-dc0d-4564-9fa7-05beb408f5a5', '1', 199.99, 'USD', 'Wireless Headphones', '12', '2025-01-08 15:04:43', '2025-01-08 15:04:45', '2025-01-08 15:04:45'),
('9d5282bb-6ad4-4e9b-bded-efe57c64d2fa', 'd6f53ce8-aa3f-4be6-8972-8938465ab7ea', '4', 299.99, 'USD', 'Smartwatch', '12', '2025-01-06 11:50:08', '2025-01-06 11:50:08', '2025-01-06 11:50:08'),
('a2d51164-8244-4f24-a288-fbec67d6e844', '43b26b45-dfe0-4560-944c-9ed0feda2306', '3', 1499.99, 'USD', 'Laptop', '12', '2024-12-16 14:20:04', '2024-12-16 14:20:04', '2024-12-16 14:20:04'),
('a4ae9dca-cdf6-49b8-9a57-ace8f18cc753', 'd6f53ce8-aa3f-4be6-8972-8938465ab7ea', '1', 199.99, 'USD', 'Wireless Headphones', 'test-user', '2025-01-06 10:42:56', '2025-01-06 10:42:56', '2025-01-06 10:42:56'),
('a706dbb0-f1b0-4377-bbd0-037243682dc2', 'b7c07ead-c3a2-44f8-aab8-4696060af004', '6', 599.99, 'USD', 'Tablet', '12', '2025-01-07 13:07:00', '2025-01-07 13:07:00', '2025-01-07 13:07:00'),
('ab4f90ec-ab3f-45fb-b084-107e8881da2a', 'b7c07ead-c3a2-44f8-aab8-4696060af004', '1', 199.99, 'USD', 'Wireless Headphones', '12', '2025-01-07 13:07:39', '2025-01-07 13:07:39', '2025-01-07 13:07:39'),
('abdc0d73-da86-4cc5-88f6-fa68e3a0a264', 'e3c2c0cf-9349-458e-b18d-a3c302ca1b86', '3', 1499.99, 'USD', 'Laptop', '12', '2025-01-06 12:16:53', '2025-01-06 12:16:53', '2025-01-06 12:16:53'),
('acda5157-b8b5-4193-ab13-ba7aef8175f7', 'd6f53ce8-aa3f-4be6-8972-8938465ab7ea', '4', 299.99, 'USD', 'Smartwatch', '12', '2025-01-06 08:23:07', '2025-01-06 08:23:08', '2025-01-06 08:23:08'),
('b9fa774b-be8a-4df8-bb36-689ba3b10aaf', 'e23790d3-51d3-49f4-b98a-c5a06491ba67', '3', 1499.99, 'USD', 'Laptop', '12', '2025-01-08 11:26:49', '2025-01-08 11:26:49', '2025-01-08 11:26:49'),
('bb9f4065-5bb1-4816-a7bb-b0af15006eb5', '43b26b45-dfe0-4560-944c-9ed0feda2306', '3', 1499.99, 'USD', 'Laptop', '12', '2024-12-16 14:24:46', '2024-12-16 14:24:46', '2024-12-16 14:24:46'),
('bd01d752-ac2b-4f20-89b9-6efdc70b0a52', 'ac61da74-e56d-49a7-975a-f50f9ab7ed0f', '2', 999.99, 'USD', 'Smartphone', '12', '2024-12-16 16:36:30', '2024-12-16 16:36:30', '2024-12-16 16:36:30'),
('caad2319-73dc-4de5-ac41-12a41093034e', '802d8e48-35f9-456b-b137-acd7ccf475d9', '3', 1499.99, 'USD', 'Laptop', '12', '2025-01-08 11:10:02', '2025-01-08 11:10:02', '2025-01-08 11:10:02'),
('d30afb5c-2e2c-45b9-81e6-cde3ace2da59', 'd6f53ce8-aa3f-4be6-8972-8938465ab7ea', '3', 1499.99, 'USD', 'Laptop', '12', '2025-01-06 08:05:18', '2025-01-06 08:05:18', '2025-01-06 08:05:18'),
('d37e2ade-4df7-4d2a-a004-f2cbe4b0ed19', 'c77c944f-b66a-4633-9dad-4c35e4de8ace', '1', 199.99, 'USD', 'Wireless Headphones', '12', '2024-12-18 12:54:10', '2024-12-18 12:54:10', '2024-12-18 12:54:10'),
('d47b8644-f194-4892-853b-0aca9189533c', 'e20d0f78-7e06-44f7-a099-0ec5f7c6976d', '2', 999.99, 'USD', 'Smartphone', '12', '2024-12-16 17:37:11', '2024-12-16 17:37:11', '2024-12-16 17:37:11'),
('d6b239df-2120-49d0-ba92-19778a8af6f0', 'b7c07ead-c3a2-44f8-aab8-4696060af004', '2', 999.99, 'USD', 'Smartphone', '12', '2025-01-07 13:06:54', '2025-01-07 13:06:54', '2025-01-07 13:06:54'),
('d7fe5249-6815-450d-bdc4-4ed1eac16865', 'd6f53ce8-aa3f-4be6-8972-8938465ab7ea', '1', 199.99, 'USD', 'Wireless Headphones', '12', '2025-01-06 08:21:54', '2025-01-06 08:21:54', '2025-01-06 08:21:54'),
('dab952a6-8ebf-42d1-acec-312cb06742b1', 'd6f53ce8-aa3f-4be6-8972-8938465ab7ea', '5', 149.99, 'USD', 'Wireless Earbuds', '12', '2025-01-06 08:23:21', '2025-01-06 08:23:21', '2025-01-06 08:23:21'),
('dcbf3a14-d28f-42d3-a77a-ee2e9a1f703c', 'e20d0f78-7e06-44f7-a099-0ec5f7c6976d', '6', 599.99, 'USD', 'Tablet', '12', '2024-12-16 17:37:17', '2024-12-16 17:37:17', '2024-12-16 17:37:17'),
('dd13fa16-656a-4d26-8b03-9c81d3007dfc', '1bf0be94-dc0d-4564-9fa7-05beb408f5a5', '1', 199.99, 'USD', 'Wireless Headphones', 'test-user', '2025-01-08 15:04:53', '2025-01-08 15:04:53', '2025-01-08 15:04:53'),
('def9a2bd-dd1e-4ae6-abfe-245b3c22e726', 'fc551d41-8390-4176-8be1-f5205f33b7da', '3', 1499.99, 'USD', 'Laptop', '12', '2025-01-08 11:07:32', '2025-01-08 11:07:34', '2025-01-08 11:07:34'),
('e3c4056d-1cb3-4da4-b918-5355c0ede1e4', 'c77c944f-b66a-4633-9dad-4c35e4de8ace', '3', 1499.99, 'USD', 'Laptop', '12', '2024-12-18 12:54:05', '2024-12-18 12:54:06', '2024-12-18 12:54:06'),
('e40b2b2e-8e8f-4e04-a547-9b490185060e', 'b7c07ead-c3a2-44f8-aab8-4696060af004', '3', 1499.99, 'USD', 'Laptop', '12', '2025-01-07 13:07:41', '2025-01-07 13:07:41', '2025-01-07 13:07:41'),
('e451c2a5-6069-44b6-b17c-fd93a618b9b1', 'c77c944f-b66a-4633-9dad-4c35e4de8ace', '2', 999.99, 'USD', 'Smartphone', '12', '2024-12-18 12:54:07', '2024-12-18 12:54:07', '2024-12-18 12:54:07'),
('e611771a-935c-443c-8e31-6bc5acde1c15', '8b69b1a5-38bd-4b10-b76a-bdfec863045e', '3', 1499.99, 'USD', 'Laptop', '12', '2024-12-16 14:07:31', '2024-12-16 14:07:31', '2024-12-16 14:07:31'),
('e6bf99b6-c8dd-4934-8e50-5c7fff42cd72', 'd6f53ce8-aa3f-4be6-8972-8938465ab7ea', '4', 299.99, 'USD', 'Smartwatch', '12', '2025-01-06 11:50:08', '2025-01-06 11:50:08', '2025-01-06 11:50:08'),
('ee549957-93ac-4ba8-bb56-2d8fd278eb9b', 'd6f53ce8-aa3f-4be6-8972-8938465ab7ea', '3', 1499.99, 'USD', 'Laptop', '12', '2025-01-04 16:26:25', '2025-01-04 16:26:25', '2025-01-04 16:26:25'),
('f396be16-b6ea-4a4a-b31a-667f2b400147', '1bf0be94-dc0d-4564-9fa7-05beb408f5a5', '2', 999.99, 'USD', 'Smartphone', '12', '2025-01-11 04:41:27', '2025-01-11 04:41:27', '2025-01-11 04:41:27'),
('f92e10a8-102d-4791-8628-d063f0c3494d', 'd6f53ce8-aa3f-4be6-8972-8938465ab7ea', '3', 1499.99, 'USD', 'Laptop', '12', '2025-01-06 08:23:07', '2025-01-06 08:23:07', '2025-01-06 08:23:07'),
('fa30b446-0727-4a49-a799-0483e4c7293f', 'b7c07ead-c3a2-44f8-aab8-4696060af004', '2', 999.99, 'USD', 'Smartphone', '12', '2025-01-07 16:27:11', '2025-01-07 16:27:11', '2025-01-07 16:27:11'),
('fcbb8bc4-51e4-43f0-9559-8b4d0ee25ec7', 'd6f53ce8-aa3f-4be6-8972-8938465ab7ea', '3', 1499.99, 'USD', 'Laptop', '12', '2025-01-06 08:22:05', '2025-01-06 08:22:05', '2025-01-06 08:22:05');

-- --------------------------------------------------------

--
-- Table structure for table `add_to_favourites`
--

CREATE TABLE `add_to_favourites` (
  `id` char(36) CHARACTER SET utf8mb4 COLLATE utf8mb4_bin NOT NULL,
  `sessionId` char(36) CHARACTER SET utf8mb4 COLLATE utf8mb4_bin NOT NULL,
  `userId` varchar(255) NOT NULL,
  `pageUrl` varchar(255) NOT NULL,
  `productName` varchar(255) NOT NULL,
  `productId` varchar(255) NOT NULL,
  `timestamp` datetime NOT NULL,
  `createdAt` datetime NOT NULL,
  `updatedAt` datetime NOT NULL
) ENGINE=InnoDB DEFAULT CHARSET=utf8mb4 COLLATE=utf8mb4_0900_ai_ci;

--
-- Dumping data for table `add_to_favourites`
--

INSERT INTO `add_to_favourites` (`id`, `sessionId`, `userId`, `pageUrl`, `productName`, `productId`, `timestamp`, `createdAt`, `updatedAt`) VALUES
('00b51ba2-91c8-4cd4-bf38-4cbf63dfecfc', 'b7c07ead-c3a2-44f8-aab8-4696060af004', '12', 'http://localhost:3000/', 'Smartphone', '2', '2025-01-07 16:27:12', '2025-01-07 16:27:13', '2025-01-07 16:27:13'),
('010a4502-3643-46e4-bbfe-d088df121b87', 'e3c2c0cf-9349-458e-b18d-a3c302ca1b86', '12', 'http://localhost:3001/', 'Laptop', '3', '2025-01-06 15:43:01', '2025-01-06 15:43:01', '2025-01-06 15:43:01'),
('0f58d86f-f625-411d-80db-d8e0865de70b', 'd6f53ce8-aa3f-4be6-8972-8938465ab7ea', 'test-user', 'http://localhost:3001/product/3', 'Laptop', '3', '2025-01-06 10:50:31', '2025-01-06 10:50:31', '2025-01-06 10:50:31'),
('277e390a-dc0b-4358-be77-980703c6780b', 'e3c2c0cf-9349-458e-b18d-a3c302ca1b86', '12', 'http://localhost:3001/', 'Laptop', '3', '2025-01-06 15:41:50', '2025-01-06 15:41:50', '2025-01-06 15:41:50'),
('29cf9076-fe3f-4045-a31d-a3ba75c87ed4', 'ac61da74-e56d-49a7-975a-f50f9ab7ed0f', '12', 'http://localhost:3001/', 'Smartphone', '2', '2024-12-16 16:36:29', '2024-12-16 16:36:29', '2024-12-16 16:36:29'),
('31bb2514-43f9-4d0e-ab43-70c19f45fe98', 'e3c2c0cf-9349-458e-b18d-a3c302ca1b86', '12', 'http://localhost:3001/', 'Wireless Headphones', '1', '2025-01-06 15:43:02', '2025-01-06 15:43:02', '2025-01-06 15:43:02'),
('33edaca0-272a-4b83-9649-87c230c6a0ac', 'e3c2c0cf-9349-458e-b18d-a3c302ca1b86', 'test-user', 'http://localhost:3001/product/4', 'Smartwatch', '4', '2025-01-06 12:20:14', '2025-01-06 12:20:14', '2025-01-06 12:20:14'),
('3945cd09-ca0d-4787-8055-83094c20a54b', 'e3c2c0cf-9349-458e-b18d-a3c302ca1b86', '12', 'http://localhost:3001/', 'Smartphone', '2', '2025-01-06 15:41:52', '2025-01-06 15:41:52', '2025-01-06 15:41:52'),
('39f46b52-fa79-4888-aedc-9e3bcbde24fc', '37e7cab4-aeee-4ab2-927f-cd10701f6258', 'test-user', 'http://localhost:3000/product/1', 'Wireless Headphones', '1', '2025-01-19 17:32:12', '2025-01-19 17:32:11', '2025-01-19 17:32:11'),
('42a303d1-67b4-4c0f-8eb2-03d8843a8d44', 'd6f53ce8-aa3f-4be6-8972-8938465ab7ea', '12', 'http://localhost:3001/?utm_source=google&utm_medium=cpc&utm_campaign_name=holiday_sale&utm_campaign_id=12345&utm_term=discount&utm_content=ad1', 'Laptop', '3', '2025-01-04 16:26:23', '2025-01-04 16:26:23', '2025-01-04 16:26:23'),
('4dc6e411-73e5-496d-90fb-09b5fe9c990d', 'd6f53ce8-aa3f-4be6-8972-8938465ab7ea', '12', 'http://localhost:3001/', 'Laptop', '3', '2025-01-06 08:05:06', '2025-01-06 08:05:06', '2025-01-06 08:05:06'),
('4fc882bd-f65c-4fa7-b3ab-0757fa914e37', 'd6f53ce8-aa3f-4be6-8972-8938465ab7ea', '12', 'http://localhost:3001/', 'Wireless Headphones', '1', '2025-01-06 08:21:59', '2025-01-06 08:21:59', '2025-01-06 08:21:59'),
('50081cf3-273c-492c-800f-ce375e3fa2ff', 'e23790d3-51d3-49f4-b98a-c5a06491ba67', '12', 'https://ecommerce-myclops.vercel.app/?gtm_debug=1736335591047', 'Smartphone', '2', '2025-01-08 11:26:52', '2025-01-08 11:26:52', '2025-01-08 11:26:52'),
('58b1b686-36f8-4c54-82c2-816d047099a4', 'e3c2c0cf-9349-458e-b18d-a3c302ca1b86', '12', 'http://localhost:3001/devices', 'Smartphone', '2', '2025-01-06 15:42:16', '2025-01-06 15:42:16', '2025-01-06 15:42:16'),
('5fe65e1d-07c0-4d37-87d1-8af71de0ee90', '43b26b45-dfe0-4560-944c-9ed0feda2306', '12', 'http://localhost:3001/', 'Laptop', '3', '2024-12-16 14:43:53', '2024-12-16 14:43:53', '2024-12-16 14:43:53'),
('6c1c623c-19e4-4c37-9f18-d33e3c6211ee', 'e3c2c0cf-9349-458e-b18d-a3c302ca1b86', '12', 'http://localhost:3001/', 'Wireless Headphones', '1', '2025-01-06 12:15:50', '2025-01-06 12:15:50', '2025-01-06 12:15:50'),
('7a430023-9119-4180-8c10-afc8db9152d7', '166cc180-592a-4555-b47e-1043c104fdec', '12', 'http://localhost:3000/', 'Smartphone', '2', '2025-01-19 17:33:34', '2025-01-19 17:33:34', '2025-01-19 17:33:34'),
('803f2960-3549-44bb-ab8e-de8baa73ac31', '43b26b45-dfe0-4560-944c-9ed0feda2306', '12', 'http://localhost:3001/', 'Laptop', '3', '2024-12-16 14:51:44', '2024-12-16 14:51:44', '2024-12-16 14:51:44'),
('841ef339-7ed0-4a27-8765-1d9fcda33f9a', 'd6f53ce8-aa3f-4be6-8972-8938465ab7ea', '12', 'http://localhost:3001/', 'Smartphone', '2', '2025-01-06 08:22:59', '2025-01-06 08:22:59', '2025-01-06 08:22:59'),
('9839f403-d622-4471-90d8-466f49d38d3d', 'e3c2c0cf-9349-458e-b18d-a3c302ca1b86', 'test-user', 'http://localhost:3001/product/1', 'Wireless Headphones', '1', '2025-01-06 15:42:05', '2025-01-06 15:42:05', '2025-01-06 15:42:05'),
('aa3e0cdc-8c9e-44ff-a198-5ca67714fb87', 'd6f53ce8-aa3f-4be6-8972-8938465ab7ea', '12', 'http://localhost:3001/accessories', 'Wireless Headphones', '1', '2025-01-06 11:57:13', '2025-01-06 11:57:13', '2025-01-06 11:57:13'),
('aea8f5c1-5d42-4115-9572-d30f80f1f2af', '4d96a921-5414-4ad2-be1c-717e034808d2', '12', 'http://localhost:3001/?utm_source=google&utm_medium=cpc&utm_campaign_name=holiday_sale&utm_campaign_id=12345&utm_term=discount&utm_content=ad1', 'Wireless Headphones', '1', '2024-12-17 07:06:48', '2024-12-17 07:06:48', '2024-12-17 07:06:48'),
('ba127503-ff4e-41c0-839f-93ee35f2441c', 'e3c2c0cf-9349-458e-b18d-a3c302ca1b86', '12', 'http://localhost:3001/', 'Smartphone', '2', '2025-01-06 15:43:02', '2025-01-06 15:43:02', '2025-01-06 15:43:02'),
('c2e3605b-023d-4745-8405-96bcf8142eda', '166cc180-592a-4555-b47e-1043c104fdec', 'test-user', 'http://localhost:3000/product/2', 'Smartphone', '2', '2025-01-19 17:32:56', '2025-01-19 17:32:56', '2025-01-19 17:32:56'),
('e3650e24-57c3-4520-acc6-d519e1158171', '067a32a6-ad28-4b4e-8ebf-7791392e0f1b', '12', 'http://localhost:3001/?utm_source=google&utm_medium=cpc&utm_campaign_name=holiday_sale&utm_campaign_id=12345&utm_term=discount&utm_content=ad1', 'Laptop', '3', '2024-12-16 17:13:40', '2024-12-16 17:13:40', '2024-12-16 17:13:40'),
('e70391e4-39a5-40e5-8ba0-2f0ac73bd2c9', '166cc180-592a-4555-b47e-1043c104fdec', '12', 'http://localhost:3000/', 'Laptop', '3', '2025-01-19 17:33:35', '2025-01-19 17:33:34', '2025-01-19 17:33:34'),
('ee7d7d6d-c70a-4d7b-bf79-7629e0f636e9', 'e3c2c0cf-9349-458e-b18d-a3c302ca1b86', '12', 'http://localhost:3001/accessories', 'Wireless Earbuds', '5', '2025-01-06 12:20:00', '2025-01-06 12:20:00', '2025-01-06 12:20:00'),
('ef7084b3-a6b1-475d-9406-63e6889e7892', 'd6f53ce8-aa3f-4be6-8972-8938465ab7ea', 'test-user', 'http://localhost:3001/product/1', 'Wireless Headphones', '1', '2025-01-06 10:42:58', '2025-01-06 10:42:58', '2025-01-06 10:42:58'),
('f30ae3ba-31be-4e2a-8e2b-3765c0de321c', '53f36b86-564c-4f57-94d5-9c1eafabede6', '12', 'http://localhost:3001/?utm_source=google&utm_medium=cpc&utm_campaign_name=holiday_sale&utm_campaign_id=12345&utm_term=discount&utm_content=ad1', 'Laptop', '3', '2025-01-04 16:04:51', '2025-01-04 16:07:33', '2025-01-04 16:07:33'),
('f3118a60-163c-40c2-99a6-c08806b1e426', 'b7c07ead-c3a2-44f8-aab8-4696060af004', '12', 'http://localhost:3000/', 'Laptop', '3', '2025-01-07 13:06:51', '2025-01-07 13:06:51', '2025-01-07 13:06:51'),
('f85d2ef5-221f-4d8e-a7b3-9335375ce5b9', 'b7c07ead-c3a2-44f8-aab8-4696060af004', '12', 'http://localhost:3000/', 'Laptop', '3', '2025-01-07 13:06:49', '2025-01-07 13:06:49', '2025-01-07 13:06:49'),
('ff38f8a3-aa41-4337-a1b1-d124177f9004', 'd6f53ce8-aa3f-4be6-8972-8938465ab7ea', '12', 'http://localhost:3001/', 'Smartphone', '2', '2025-01-06 08:22:58', '2025-01-06 08:22:58', '2025-01-06 08:22:58'),
('ff633f70-fcce-4c6f-8a41-1b943ee61810', '166cc180-592a-4555-b47e-1043c104fdec', '12', 'http://localhost:3000/', 'Wireless Headphones', '1', '2025-01-19 17:33:33', '2025-01-19 17:33:33', '2025-01-19 17:33:33');

-- --------------------------------------------------------

--
-- Table structure for table `clicks`
--

CREATE TABLE `clicks` (
  `id` char(36) CHARACTER SET utf8mb4 COLLATE utf8mb4_bin NOT NULL,
  `sessionId` char(36) CHARACTER SET utf8mb4 COLLATE utf8mb4_bin NOT NULL,
  `xCoordinate` int NOT NULL,
  `yCoordinate` int NOT NULL,
  `element` varchar(255) NOT NULL,
  `timestamp` datetime NOT NULL,
  `createdAt` datetime NOT NULL DEFAULT CURRENT_TIMESTAMP,
  `updatedAt` datetime NOT NULL DEFAULT CURRENT_TIMESTAMP
) ENGINE=InnoDB DEFAULT CHARSET=utf8mb4 COLLATE=utf8mb4_0900_ai_ci;

--
-- Dumping data for table `clicks`
--

INSERT INTO `clicks` (`id`, `sessionId`, `xCoordinate`, `yCoordinate`, `element`, `timestamp`, `createdAt`, `updatedAt`) VALUES
('01181f7d-fe48-4310-9dd6-e7522c3f56dd', '710da01c-72cf-4277-880d-57f6fbc211e3', 111, 23, 'BUTTON', '2024-12-16 12:37:53', '2024-12-16 12:38:44', '2024-12-16 12:38:44'),
('0466df6d-c85a-4c7e-b1ff-022125a2b9cd', '43b26b45-dfe0-4560-944c-9ed0feda2306', 35, 19, 'BUTTON', '2024-12-16 14:24:48', '2024-12-16 14:25:28', '2024-12-16 14:25:28'),
('05466641-7660-477e-8d89-c2a9c6106b7d', '43b26b45-dfe0-4560-944c-9ed0feda2306', 82, 25, 'BUTTON', '2024-12-16 14:52:32', '2024-12-16 14:53:03', '2024-12-16 14:53:03'),
('0cc15d78-a4a5-4278-b13c-7ffe3cabd604', 'ac61da74-e56d-49a7-975a-f50f9ab7ed0f', 579, 32, 'BUTTON', '2024-12-16 16:38:40', '2024-12-16 16:39:23', '2024-12-16 16:39:23'),
('0d50e8bd-1632-40b3-ba30-c92489bc6f53', 'e6d05ba7-62f8-4c79-b98f-397637f58c45', 32, 6, 'H1', '2024-12-20 11:35:26', '2024-12-20 11:36:26', '2024-12-20 11:36:26'),
('0d8eddeb-6764-4591-809f-2709996573d4', '43b26b45-dfe0-4560-944c-9ed0feda2306', 47, 18, 'A', '2024-12-16 14:52:18', '2024-12-16 14:53:02', '2024-12-16 14:53:02'),
('12c8cedc-2dd2-4575-a317-901974c2c5e4', 'c77c944f-b66a-4633-9dad-4c35e4de8ace', 107, 26, 'BUTTON', '2024-12-18 12:54:09', '2024-12-18 12:54:58', '2024-12-18 12:54:58'),
('130a39cc-2726-40cd-bae8-fc072567fe2c', 'c77c944f-b66a-4633-9dad-4c35e4de8ace', 560, 282, 'BUTTON', '2024-12-18 12:54:29', '2024-12-18 12:54:59', '2024-12-18 12:54:59'),
('1363e18d-6229-4c2e-ae72-e5e36b896d6e', '43b26b45-dfe0-4560-944c-9ed0feda2306', 25, 23, 'BUTTON', '2024-12-16 14:22:37', '2024-12-16 14:22:59', '2024-12-16 14:22:59'),
('167def47-5e4d-447a-8b36-ba963a374b60', '710da01c-72cf-4277-880d-57f6fbc211e3', 22, 22, 'BUTTON', '2024-12-16 12:27:21', '2024-12-16 12:28:00', '2024-12-16 12:28:00'),
('172e14c3-8941-4f60-89e1-f4f989e74505', '43b26b45-dfe0-4560-944c-9ed0feda2306', 108, 29, 'BUTTON', '2024-12-16 14:24:46', '2024-12-16 14:25:27', '2024-12-16 14:25:27'),
('18dcd806-e40d-4e5c-b30e-f61b78a90ab1', 'c77c944f-b66a-4633-9dad-4c35e4de8ace', 86, 2, 'BUTTON', '2024-12-18 12:54:18', '2024-12-18 12:54:58', '2024-12-18 12:54:58'),
('19179372-aaf9-43f7-b226-9342d73c87ba', 'c77c944f-b66a-4633-9dad-4c35e4de8ace', 26, 9, 'A', '2024-12-18 12:54:24', '2024-12-18 12:54:58', '2024-12-18 12:54:58'),
('195bf35b-310b-436d-8a21-ea49a3a62f09', '43b26b45-dfe0-4560-944c-9ed0feda2306', 60, 28, 'BUTTON', '2024-12-16 14:22:02', '2024-12-16 14:22:59', '2024-12-16 14:22:59'),
('1963893e-9f30-4a7e-ac32-3e6375c170db', '710da01c-72cf-4277-880d-57f6fbc211e3', 54, 20, 'BUTTON', '2024-12-16 12:55:33', '2024-12-16 12:55:45', '2024-12-16 12:55:45'),
('19f34b43-f77b-4ba7-9a0d-6fe6fc1fdfe1', 'ac61da74-e56d-49a7-975a-f50f9ab7ed0f', 51, 22, 'H1', '2024-12-16 16:43:07', '2024-12-16 16:44:03', '2024-12-16 16:44:03'),
('248145f7-a8ea-4fde-a7a0-b9e7932b76a7', '710da01c-72cf-4277-880d-57f6fbc211e3', 93, 24, 'BUTTON', '2024-12-16 12:28:17', '2024-12-16 12:29:15', '2024-12-16 12:29:15'),
('25a2a372-a168-4dba-9e90-5ca3e204c6fb', 'c77c944f-b66a-4633-9dad-4c35e4de8ace', 31, 2, 'A', '2024-12-18 12:54:22', '2024-12-18 12:54:58', '2024-12-18 12:54:58'),
('36911ef0-25cf-4ff8-b8f6-392de252d4d1', 'c77c944f-b66a-4633-9dad-4c35e4de8ace', 26, 9, 'A', '2024-12-18 12:54:24', '2024-12-18 12:54:58', '2024-12-18 12:54:58'),
('37f5601a-e724-4ad1-a1fd-afdfb448ed57', '067a32a6-ad28-4b4e-8ebf-7791392e0f1b', 23, 25, 'BUTTON', '2024-12-16 17:13:40', '2024-12-16 17:14:37', '2024-12-16 17:14:37'),
('3a432419-a444-444a-acca-98f68e1a6142', 'e20d0f78-7e06-44f7-a099-0ec5f7c6976d', 27, 13, 'A', '2024-12-16 17:37:22', '2024-12-16 17:38:08', '2024-12-16 17:38:08'),
('3a6730b2-1c57-4826-b1ab-594640c0b673', '710da01c-72cf-4277-880d-57f6fbc211e3', 93, 13, 'BUTTON', '2024-12-16 12:28:17', '2024-12-16 12:29:15', '2024-12-16 12:29:15'),
('3a944823-4876-4ef9-8339-f017e0a3b17d', 'c77c944f-b66a-4633-9dad-4c35e4de8ace', 26, 9, 'A', '2024-12-18 12:54:25', '2024-12-18 12:54:58', '2024-12-18 12:54:58'),
('3bfcc60d-81f8-4c89-93d2-e8052719f433', 'ac61da74-e56d-49a7-975a-f50f9ab7ed0f', 25, 13, 'H1', '2024-12-16 16:38:45', '2024-12-16 16:39:23', '2024-12-16 16:39:23'),
('3d92c54e-7141-4b30-95ed-71d312df547c', 'e6d05ba7-62f8-4c79-b98f-397637f58c45', 160, 117, 'IMG', '2024-12-20 11:35:17', '2024-12-20 11:35:21', '2024-12-20 11:35:21'),
('3e928a47-e0c3-451b-923e-d8f203f7235a', 'e20d0f78-7e06-44f7-a099-0ec5f7c6976d', 87, 27, 'BUTTON', '2024-12-16 17:37:11', '2024-12-16 17:38:07', '2024-12-16 17:38:07'),
('41236737-4945-42bb-9a83-d49aa6240231', 'ac61da74-e56d-49a7-975a-f50f9ab7ed0f', 135, 20, 'BUTTON', '2024-12-16 16:36:30', '2024-12-16 16:37:23', '2024-12-16 16:37:23'),
('41779aaa-946c-4442-aedb-717e488c4617', 'ac61da74-e56d-49a7-975a-f50f9ab7ed0f', 134, 16, 'INPUT', '2024-12-16 16:43:23', '2024-12-16 16:44:04', '2024-12-16 16:44:04'),
('45511384-f8f0-4d9a-b51f-22be6aa5c694', 'd9f20c1f-3f44-4f64-a7fa-f80844a0bca4', 138, 28, 'BUTTON', '2024-12-18 13:30:39', '2024-12-18 13:31:36', '2024-12-18 13:31:36'),
('4c1a15c3-74e8-404d-a458-a4255e16c23d', '43b26b45-dfe0-4560-944c-9ed0feda2306', 569, 25, 'BUTTON', '2024-12-16 15:04:03', '2024-12-16 15:05:02', '2024-12-16 15:05:02'),
('4cd4d858-b7d1-407f-89cd-59606250800b', '4d96a921-5414-4ad2-be1c-717e034808d2', 158, 28, 'BUTTON', '2024-12-17 07:06:44', '2024-12-17 07:07:13', '2024-12-17 07:07:13'),
('4cd5aef7-2781-44cf-947c-f07ecbfd02fa', '710da01c-72cf-4277-880d-57f6fbc211e3', 101, 26, 'BUTTON', '2024-12-16 12:10:07', '2024-12-16 12:11:01', '2024-12-16 12:11:01'),
('4e85d8aa-466e-45e0-bdba-df511ce5755a', '43b26b45-dfe0-4560-944c-9ed0feda2306', 15, 19, 'H1', '2024-12-16 14:52:22', '2024-12-16 14:53:03', '2024-12-16 14:53:03'),
('55dde95d-e2d3-478c-8d6e-43882ebcfd4c', '710da01c-72cf-4277-880d-57f6fbc211e3', 1059, 27, 'MAIN', '2024-12-16 12:27:19', '2024-12-16 12:28:00', '2024-12-16 12:28:00'),
('58330ae3-dbfa-4978-be44-a4000ac0f97d', '710da01c-72cf-4277-880d-57f6fbc211e3', 265, 24, 'H1', '2024-12-16 12:27:20', '2024-12-16 12:28:00', '2024-12-16 12:28:00'),
('589b87ae-f5cc-42e6-8b32-bc403539f7e8', '43b26b45-dfe0-4560-944c-9ed0feda2306', 553, 36, 'BUTTON', '2024-12-16 14:53:07', '2024-12-16 14:54:03', '2024-12-16 14:54:03'),
('59c33ad3-2c0a-4b77-b04e-fb7df77f65c5', '710da01c-72cf-4277-880d-57f6fbc211e3', 1022, 23, 'H1', '2024-12-16 12:06:04', '2024-12-16 12:07:01', '2024-12-16 12:07:01'),
('5d4809fc-a040-4e27-a0fc-8d904e3d5818', '43b26b45-dfe0-4560-944c-9ed0feda2306', 555, 25, 'BUTTON', '2024-12-16 14:53:52', '2024-12-16 14:54:03', '2024-12-16 14:54:03'),
('5e0c6e07-bce4-4725-9729-2d16d1d359be', 'd9f20c1f-3f44-4f64-a7fa-f80844a0bca4', 505, 80, 'BUTTON', '2024-12-18 13:31:14', '2024-12-18 13:31:37', '2024-12-18 13:31:37'),
('5eece40f-e498-4abc-a31f-ff12d66a6dce', '4d96a921-5414-4ad2-be1c-717e034808d2', 143, 21, 'INPUT', '2024-12-17 07:08:45', '2024-12-17 07:09:12', '2024-12-17 07:09:12'),
('658fbbfb-fc7f-41dc-89d5-cd5c1a6c7961', '4d96a921-5414-4ad2-be1c-717e034808d2', 147, 24, 'BUTTON', '2024-12-17 07:09:32', '2024-12-17 07:10:13', '2024-12-17 07:10:13'),
('65ed30bd-906e-48b1-b910-fe70c923c875', '710da01c-72cf-4277-880d-57f6fbc211e3', 96, 24, 'BUTTON', '2024-12-16 12:28:20', '2024-12-16 12:29:16', '2024-12-16 12:29:16'),
('67b11101-0052-430e-a4b1-10981b77dcfd', '43b26b45-dfe0-4560-944c-9ed0feda2306', 29, 25, 'BUTTON', '2024-12-16 14:43:53', '2024-12-16 14:44:27', '2024-12-16 14:44:27'),
('69d19a2a-7ad5-4366-9853-91d31bb2f1de', 'e20d0f78-7e06-44f7-a099-0ec5f7c6976d', 78, 17, 'BUTTON', '2024-12-16 17:37:09', '2024-12-16 17:38:07', '2024-12-16 17:38:07'),
('6d59af81-cc4f-4b9d-a24a-735c3031f478', 'c77c944f-b66a-4633-9dad-4c35e4de8ace', 107, 26, 'BUTTON', '2024-12-18 12:54:10', '2024-12-18 12:54:58', '2024-12-18 12:54:58'),
('6e2fabb7-c325-4290-87de-bc364b38ac1c', '710da01c-72cf-4277-880d-57f6fbc211e3', 85, 19, 'BUTTON', '2024-12-16 12:27:16', '2024-12-16 12:28:00', '2024-12-16 12:28:00'),
('709d52ec-f6ea-439c-9e9a-e0c204645f4e', 'c77c944f-b66a-4633-9dad-4c35e4de8ace', 120, 18, 'BUTTON', '2024-12-18 12:54:26', '2024-12-18 12:54:59', '2024-12-18 12:54:59'),
('72f7e4dc-7a37-4db1-a827-eae04425c39f', '43b26b45-dfe0-4560-944c-9ed0feda2306', 27, 21, 'BUTTON', '2024-12-16 14:20:07', '2024-12-16 14:20:59', '2024-12-16 14:20:59'),
('753df6e0-afa7-4f3f-a90b-423a98db8118', 'ac61da74-e56d-49a7-975a-f50f9ab7ed0f', 1053, 16, 'DIV', '2024-12-16 16:43:25', '2024-12-16 16:44:04', '2024-12-16 16:44:04'),
('75a67b09-1503-4853-b86d-0c417530bee4', 'ac61da74-e56d-49a7-975a-f50f9ab7ed0f', 16, 17, 'A', '2024-12-16 16:36:34', '2024-12-16 16:37:23', '2024-12-16 16:37:23'),
('76fbe658-14e8-425d-9f3b-72e874ed6810', '4d96a921-5414-4ad2-be1c-717e034808d2', 19, 11, 'A', '2024-12-17 07:06:51', '2024-12-17 07:07:13', '2024-12-17 07:07:13'),
('77206a2e-4234-4aff-9240-08dab4fb60fa', 'ac61da74-e56d-49a7-975a-f50f9ab7ed0f', 450, 83, 'BUTTON', '2024-12-16 16:36:42', '2024-12-16 16:37:24', '2024-12-16 16:37:24'),
('784d97f5-96b5-4582-9f19-33dd6e5fdc69', '067a32a6-ad28-4b4e-8ebf-7791392e0f1b', 33, 9, 'A', '2024-12-16 17:14:04', '2024-12-16 17:14:37', '2024-12-16 17:14:37'),
('7be0b57b-abf3-4829-a1fd-1dd858c6f238', '43b26b45-dfe0-4560-944c-9ed0feda2306', 1235, 65, 'DIV', '2024-12-16 14:52:34', '2024-12-16 14:53:03', '2024-12-16 14:53:03'),
('7c9ce29b-4f69-4bb8-8ee9-2c8aaf4c967c', 'e20d0f78-7e06-44f7-a099-0ec5f7c6976d', 589, 21, 'BUTTON', '2024-12-16 17:37:28', '2024-12-16 17:38:08', '2024-12-16 17:38:08'),
('7f1f3467-3184-4b32-ab71-8a791c940632', '43b26b45-dfe0-4560-944c-9ed0feda2306', 73, 19, 'BUTTON', '2024-12-16 14:20:04', '2024-12-16 14:20:59', '2024-12-16 14:20:59'),
('803754d1-45c8-4937-8df4-ea22275e55d9', 'd9f20c1f-3f44-4f64-a7fa-f80844a0bca4', 30, 3, 'A', '2024-12-18 13:31:08', '2024-12-18 13:31:37', '2024-12-18 13:31:37'),
('81cbea8f-5dea-4d9d-87fd-9b97fa09b486', '710da01c-72cf-4277-880d-57f6fbc211e3', 93, 24, 'BUTTON', '2024-12-16 12:28:18', '2024-12-16 12:29:15', '2024-12-16 12:29:15'),
('82e3b440-e7ce-49b9-aa2f-f71d6f99f90e', '43b26b45-dfe0-4560-944c-9ed0feda2306', 170, 22, 'INPUT', '2024-12-16 14:45:25', '2024-12-16 14:45:27', '2024-12-16 14:45:27'),
('83212855-02c2-4cef-aea1-db4c2b40dcb9', '43b26b45-dfe0-4560-944c-9ed0feda2306', 734, 28, 'BUTTON', '2024-12-16 15:07:15', '2024-12-16 15:08:02', '2024-12-16 15:08:02'),
('854b6b22-36cd-49ca-9834-3591c5108e20', '710da01c-72cf-4277-880d-57f6fbc211e3', 115, 21, 'BUTTON', '2024-12-16 12:36:51', '2024-12-16 12:37:43', '2024-12-16 12:37:43'),
('88eff8b9-6227-4011-b5b6-53bf1b75c473', '652370e6-4fd5-4156-b9ec-8110cac8453d', 57, 28, 'BUTTON', '2024-12-16 13:31:39', '2024-12-16 13:32:31', '2024-12-16 13:32:31'),
('89ba3f9e-9092-4349-ac2b-91e611ec1373', 'd9f20c1f-3f44-4f64-a7fa-f80844a0bca4', 507, 23, 'BUTTON', '2024-12-18 13:31:11', '2024-12-18 13:31:37', '2024-12-18 13:31:37'),
('89c44827-9f2f-4cea-8aa4-233f385ced92', '4d96a921-5414-4ad2-be1c-717e034808d2', 263, 9, 'INPUT', '2024-12-17 07:16:21', '2024-12-17 07:17:13', '2024-12-17 07:17:13'),
('8d792507-1cc4-4b14-944d-6ed72ab2da18', 'fa1d5d52-81c7-41c9-95c6-ef1479094acb', 10, 5, 'H1', '2024-12-13 19:48:44', '2024-12-13 19:49:33', '2024-12-13 19:49:33'),
('8d85a88f-18bb-44c8-a6f2-6befec9b5b02', 'c77c944f-b66a-4633-9dad-4c35e4de8ace', 93, 25, 'BUTTON', '2024-12-18 12:54:07', '2024-12-18 12:54:58', '2024-12-18 12:54:58'),
('8eab6ade-067c-4593-aff7-4a291c351006', 'fe2072c9-b43f-47cb-a0c1-9cd54c72d5cb', 111, 22, 'BUTTON', '2024-12-13 19:38:07', '2024-12-13 19:39:03', '2024-12-13 19:39:03'),
('8fed85a8-abe9-4c95-9801-04f7de5d101d', 'ac61da74-e56d-49a7-975a-f50f9ab7ed0f', 26, 25, 'BUTTON', '2024-12-16 16:36:29', '2024-12-16 16:37:23', '2024-12-16 16:37:23'),
('92998b16-c4e7-404c-9a26-b1deb44804bd', 'c77c944f-b66a-4633-9dad-4c35e4de8ace', 26, 9, 'A', '2024-12-18 12:54:23', '2024-12-18 12:54:58', '2024-12-18 12:54:58'),
('9722e7b4-b591-4b44-b32f-281377b8108a', '4d96a921-5414-4ad2-be1c-717e034808d2', 47, 15, 'H1', '2024-12-17 07:09:25', '2024-12-17 07:10:13', '2024-12-17 07:10:13'),
('98f61e9d-1950-4c79-b927-54d9821dfd97', '710da01c-72cf-4277-880d-57f6fbc211e3', 82, 15, 'BUTTON', '2024-12-16 12:30:08', '2024-12-16 12:30:15', '2024-12-16 12:30:15'),
('9b6b99cf-af6a-43a8-946e-e158845b28c8', '43b26b45-dfe0-4560-944c-9ed0feda2306', 137, 28, 'INPUT', '2024-12-16 14:23:47', '2024-12-16 14:23:59', '2024-12-16 14:23:59'),
('9e4a0cd6-5867-4d2e-95a1-024ad0ea2c7f', '43b26b45-dfe0-4560-944c-9ed0feda2306', 246, 22, 'INPUT', '2024-12-16 14:48:08', '2024-12-16 14:48:28', '2024-12-16 14:48:28'),
('9fa0a4a0-4b82-4654-8719-ce4476a8d52c', '710da01c-72cf-4277-880d-57f6fbc211e3', 1052, 44, 'SECTION', '2024-12-16 12:52:43', '2024-12-16 12:52:44', '2024-12-16 12:52:44'),
('a0c652f7-e2fc-4ab6-9848-d3764b124853', '8b69b1a5-38bd-4b10-b76a-bdfec863045e', 91, 23, 'BUTTON', '2024-12-16 14:07:31', '2024-12-16 14:08:27', '2024-12-16 14:08:27'),
('a20b6cfa-f839-41cd-bbfb-e8de19ab7fcf', '4d96a921-5414-4ad2-be1c-717e034808d2', 103, 22, 'INPUT', '2024-12-17 07:16:19', '2024-12-17 07:17:13', '2024-12-17 07:17:13'),
('a2420e60-c6ab-4ebc-b5b1-db92630d6a7a', 'e6d05ba7-62f8-4c79-b98f-397637f58c45', 160, 117, 'IMG', '2024-12-20 11:35:17', '2024-12-20 11:35:21', '2024-12-20 11:35:21'),
('ab16cd4f-c92a-44ec-bea1-c1c884c16355', '710da01c-72cf-4277-880d-57f6fbc211e3', 93, 24, 'BUTTON', '2024-12-16 12:28:18', '2024-12-16 12:29:15', '2024-12-16 12:29:15'),
('acc53e03-d126-45ce-80e0-edddb32bbe64', '710da01c-72cf-4277-880d-57f6fbc211e3', 85, 19, 'BUTTON', '2024-12-16 12:27:18', '2024-12-16 12:28:00', '2024-12-16 12:28:00'),
('ad00d8e6-9f1c-4cb0-be62-a699afb658b7', '4d96a921-5414-4ad2-be1c-717e034808d2', 23, 11, 'A', '2024-12-17 07:09:33', '2024-12-17 07:10:13', '2024-12-17 07:10:13'),
('baa59ee6-aac8-4baa-80c1-c30c00bc7bef', '067a32a6-ad28-4b4e-8ebf-7791392e0f1b', 704, 90, 'BUTTON', '2024-12-16 17:14:13', '2024-12-16 17:14:37', '2024-12-16 17:14:37'),
('c0afb3c6-32b1-4429-94e5-6d5ca293dfd2', 'e20d0f78-7e06-44f7-a099-0ec5f7c6976d', 301, 193, 'BUTTON', '2024-12-16 17:42:04', '2024-12-16 17:42:06', '2024-12-16 17:42:06'),
('c2639af7-33b1-4999-a6ee-20980b3b10cd', 'c77c944f-b66a-4633-9dad-4c35e4de8ace', 28, 15, 'A', '2024-12-18 12:54:19', '2024-12-18 12:54:58', '2024-12-18 12:54:58'),
('c5a93385-ada2-4ebb-93ae-d45d26f3e277', '4d96a921-5414-4ad2-be1c-717e034808d2', 415, 28, 'BUTTON', '2024-12-17 07:09:35', '2024-12-17 07:10:13', '2024-12-17 07:10:13'),
('c6d9d647-9c3e-40c4-bf03-0431e44f113d', '067a32a6-ad28-4b4e-8ebf-7791392e0f1b', 502, 26, 'BUTTON', '2024-12-16 17:14:06', '2024-12-16 17:14:37', '2024-12-16 17:14:37'),
('c6ee2bf7-b03c-4761-9fa3-febee46e53df', 'c77c944f-b66a-4633-9dad-4c35e4de8ace', 135, 28, 'BUTTON', '2024-12-18 12:54:15', '2024-12-18 12:54:58', '2024-12-18 12:54:58'),
('c977b07f-76d0-4ff9-b72b-0e975e2c3254', '710da01c-72cf-4277-880d-57f6fbc211e3', 96, 24, 'BUTTON', '2024-12-16 12:28:20', '2024-12-16 12:29:16', '2024-12-16 12:29:16'),
('c985e391-eafa-46f5-88c6-9749dd94ceb1', '43b26b45-dfe0-4560-944c-9ed0feda2306', 33, 21, 'BUTTON', '2024-12-16 14:23:17', '2024-12-16 14:23:59', '2024-12-16 14:23:59'),
('ca85b4d3-797b-4ae9-b9c3-559555647d3a', '067a32a6-ad28-4b4e-8ebf-7791392e0f1b', 127, 21, 'BUTTON', '2024-12-16 17:13:42', '2024-12-16 17:14:37', '2024-12-16 17:14:37'),
('cab6bdf4-1b51-41ae-85bc-07398a1bdd8a', 'fa1d5d52-81c7-41c9-95c6-ef1479094acb', 3, 27, 'BUTTON', '2024-12-13 19:48:42', '2024-12-13 19:49:33', '2024-12-13 19:49:33'),
('cfc3e652-6876-4ce5-a3b7-713bbb1e5af3', '8b69b1a5-38bd-4b10-b76a-bdfec863045e', 27, 22, 'BUTTON', '2024-12-16 14:07:46', '2024-12-16 14:08:27', '2024-12-16 14:08:27'),
('d395cea4-f05e-4d25-89dc-92f296082fff', '43b26b45-dfe0-4560-944c-9ed0feda2306', 33, 17, 'BUTTON', '2024-12-16 14:26:22', '2024-12-16 14:26:28', '2024-12-16 14:26:28'),
('d5202360-d68a-4b27-98a0-cffecdfafe4a', '710da01c-72cf-4277-880d-57f6fbc211e3', 54, 25, 'BUTTON', '2024-12-16 12:53:53', '2024-12-16 12:54:45', '2024-12-16 12:54:45'),
('d66d2d8d-9214-43b3-b45b-4badf5fb0643', 'c77c944f-b66a-4633-9dad-4c35e4de8ace', 107, 26, 'BUTTON', '2024-12-18 12:54:08', '2024-12-18 12:54:58', '2024-12-18 12:54:58'),
('d71db83e-2e96-45ab-a6e0-b25e15240be6', 'fa1d5d52-81c7-41c9-95c6-ef1479094acb', 405, 316, 'DIV', '2024-12-13 19:48:35', '2024-12-13 19:49:33', '2024-12-13 19:49:33'),
('dbdd5b78-7894-4723-879c-24330cef8a31', '710da01c-72cf-4277-880d-57f6fbc211e3', 93, 24, 'BUTTON', '2024-12-16 12:28:18', '2024-12-16 12:29:15', '2024-12-16 12:29:15'),
('ddfc0364-e09a-443b-bd48-65454eca3191', '4d96a921-5414-4ad2-be1c-717e034808d2', 31, 23, 'BUTTON', '2024-12-17 07:06:48', '2024-12-17 07:07:13', '2024-12-17 07:07:13'),
('de55b30c-f6b9-483f-880c-519216b68de2', 'e6d05ba7-62f8-4c79-b98f-397637f58c45', 99, 18, 'INPUT', '2024-12-20 11:34:29', '2024-12-20 11:35:21', '2024-12-20 11:35:21'),
('df04cdcb-80c3-4820-969f-50df31b154b9', 'fa1d5d52-81c7-41c9-95c6-ef1479094acb', 157, 32, 'INPUT', '2024-12-13 19:48:38', '2024-12-13 19:49:33', '2024-12-13 19:49:33'),
('df18a129-ead0-4b0c-a45b-afed17ccd6a3', 'c77c944f-b66a-4633-9dad-4c35e4de8ace', 58, 23, 'BUTTON', '2024-12-18 12:54:17', '2024-12-18 12:54:58', '2024-12-18 12:54:58'),
('df5701f0-cf1b-4c6c-86d4-67f9fb3c4116', '710da01c-72cf-4277-880d-57f6fbc211e3', 77, 25, 'BUTTON', '2024-12-16 12:30:58', '2024-12-16 12:31:48', '2024-12-16 12:31:48'),
('e340dee4-7167-494e-b42b-17bae05c6d14', 'fa1d5d52-81c7-41c9-95c6-ef1479094acb', 478, 12, 'DIV', '2024-12-13 19:48:37', '2024-12-13 19:49:33', '2024-12-13 19:49:33'),
('e414bd17-8dd2-45a6-b93d-977384220c7c', 'c77c944f-b66a-4633-9dad-4c35e4de8ace', 107, 26, 'BUTTON', '2024-12-18 12:54:11', '2024-12-18 12:54:58', '2024-12-18 12:54:58'),
('e41ca6e1-67ce-4e63-bd82-dcb32007daf7', 'c77c944f-b66a-4633-9dad-4c35e4de8ace', 73, 18, 'BUTTON', '2024-12-18 12:54:06', '2024-12-18 12:54:58', '2024-12-18 12:54:58'),
('e64bd4be-3e60-4761-a6d8-9efcc3b72a95', 'c77c944f-b66a-4633-9dad-4c35e4de8ace', 26, 9, 'A', '2024-12-18 12:54:24', '2024-12-18 12:54:58', '2024-12-18 12:54:58'),
('e8fd83b7-b891-4be7-915c-e112b86a2640', '4d96a921-5414-4ad2-be1c-717e034808d2', 376, 20, 'BUTTON', '2024-12-17 07:07:06', '2024-12-17 07:07:13', '2024-12-17 07:07:13'),
('ee78f572-b4f9-4993-b8d1-afadeb455000', '43b26b45-dfe0-4560-944c-9ed0feda2306', 27, 13, 'BUTTON', '2024-12-16 14:22:14', '2024-12-16 14:22:59', '2024-12-16 14:22:59'),
('f10ed222-2571-463a-a066-fb988e037b50', '710da01c-72cf-4277-880d-57f6fbc211e3', 96, 24, 'BUTTON', '2024-12-16 12:28:21', '2024-12-16 12:29:16', '2024-12-16 12:29:16'),
('f213221c-8a62-4ed5-8dee-62ed23d4e901', 'e20d0f78-7e06-44f7-a099-0ec5f7c6976d', 114, 16, 'BUTTON', '2024-12-16 17:37:15', '2024-12-16 17:38:07', '2024-12-16 17:38:07'),
('f2d46bf2-36c5-4a63-81a5-26a9e64427be', '710da01c-72cf-4277-880d-57f6fbc211e3', 122, 19, 'BUTTON', '2024-12-16 11:58:34', '2024-12-16 11:59:01', '2024-12-16 11:59:01'),
('f4179ec7-390b-4c0c-819c-659fda82d7fc', 'e6d05ba7-62f8-4c79-b98f-397637f58c45', 39, 13, 'A', '2024-12-20 11:35:25', '2024-12-20 11:36:25', '2024-12-20 11:36:25'),
('f4e52acf-bd1b-4adf-8a7b-a5d38c71c0a3', '4d96a921-5414-4ad2-be1c-717e034808d2', 460, 80, 'BUTTON', '2024-12-17 07:07:23', '2024-12-17 07:08:12', '2024-12-17 07:08:12'),
('f684302d-f5a4-4dee-a465-1e56627415fb', 'ac61da74-e56d-49a7-975a-f50f9ab7ed0f', 375, 31, 'BUTTON', '2024-12-16 16:36:39', '2024-12-16 16:37:24', '2024-12-16 16:37:24'),
('f7e13da3-6b71-4eac-83a2-807c54ac52bc', 'e20d0f78-7e06-44f7-a099-0ec5f7c6976d', 105, 19, 'BUTTON', '2024-12-16 17:37:17', '2024-12-16 17:38:07', '2024-12-16 17:38:07'),
('f84357b4-c37e-499c-8753-b34c2e034508', '710da01c-72cf-4277-880d-57f6fbc211e3', 122, 19, 'BUTTON', '2024-12-16 11:58:35', '2024-12-16 11:59:01', '2024-12-16 11:59:01'),
('fb6fc790-01f8-44e0-957d-0a3c94a38c6c', '710da01c-72cf-4277-880d-57f6fbc211e3', 93, 24, 'BUTTON', '2024-12-16 12:28:18', '2024-12-16 12:29:15', '2024-12-16 12:29:15'),
('fc13cf46-e23e-488e-b5e8-256465bd07a6', '43b26b45-dfe0-4560-944c-9ed0feda2306', 30, 4, 'A', '2024-12-16 14:52:35', '2024-12-16 14:53:03', '2024-12-16 14:53:03');

-- --------------------------------------------------------

--
-- Table structure for table `conversions`
--

CREATE TABLE `conversions` (
  `id` char(36) CHARACTER SET utf8mb4 COLLATE utf8mb4_bin NOT NULL,
  `sessionId` char(36) CHARACTER SET utf8mb4 COLLATE utf8mb4_bin NOT NULL,
  `conversionType` varchar(255) NOT NULL,
  `conversionValue` decimal(10,2) NOT NULL,
  `timestamp` datetime NOT NULL,
  `createdAt` datetime NOT NULL,
  `updatedAt` datetime NOT NULL
) ENGINE=InnoDB DEFAULT CHARSET=utf8mb4 COLLATE=utf8mb4_0900_ai_ci;

--
-- Dumping data for table `conversions`
--

INSERT INTO `conversions` (`id`, `sessionId`, `conversionType`, `conversionValue`, `timestamp`, `createdAt`, `updatedAt`) VALUES
('428ec9ba-708f-4b9b-9e38-92385990a563', 'b3cbc087-38dc-4092-ab4d-c1b2948d1675', 'purchase', 90.20, '2025-01-31 14:53:18', '2025-02-01 14:53:17', '2024-12-11 14:53:17'),
('7f8b6960-1e63-4ca9-afed-2fd73b9a7cc5', '0e5dad71-91d4-4238-bd1c-6ab7c75b2d3b', 'purchase', 90.20, '2024-12-07 13:57:35', '2024-12-07 13:57:35', '2024-12-07 13:57:35'),
('b17de3e7-552a-4700-a086-ed554efd9812', 'f925efc7-509d-45d3-b031-43305defeda7', 'purchase', 90.20, '2024-12-04 18:38:32', '2024-12-04 18:38:32', '2024-12-04 18:38:32');

-- --------------------------------------------------------

--
-- Table structure for table `events`
--

CREATE TABLE `events` (
  `id` char(36) CHARACTER SET utf8mb4 COLLATE utf8mb4_bin NOT NULL,
  `sessionId` char(36) CHARACTER SET utf8mb4 COLLATE utf8mb4_bin NOT NULL,
  `eventName` varchar(255) NOT NULL,
  `eventType` varchar(255) NOT NULL,
  `additionalData` json DEFAULT NULL,
  `timestamp` datetime NOT NULL,
  `createdAt` datetime NOT NULL,
  `updatedAt` datetime NOT NULL
) ENGINE=InnoDB DEFAULT CHARSET=utf8mb4 COLLATE=utf8mb4_0900_ai_ci;

--
-- Dumping data for table `events`
--

INSERT INTO `events` (`id`, `sessionId`, `eventName`, `eventType`, `additionalData`, `timestamp`, `createdAt`, `updatedAt`) VALUES
('0c23b02a-1956-425e-9be3-6a7f63d89efb', '5ad589e2-44e4-4ed5-bd3d-c94686709c9b', 'button_click', 'custom', '{\"buttonId\": \"btnClick\", \"location\": \"test-section\"}', '2024-12-04 18:36:41', '2024-12-04 18:36:41', '2024-12-04 18:36:41'),
('16933be2-c520-44c3-922e-d6bb22732736', '0e5dad71-91d4-4238-bd1c-6ab7c75b2d3b', 'button_hover', 'custom', '{\"buttonId\": \"btnHover\", \"duration\": \"start\"}', '2024-12-07 13:57:30', '2024-12-07 13:57:30', '2024-12-07 13:57:30'),
('1a4b77a1-df34-4e16-8ba0-29870bc69067', '5ad589e2-44e4-4ed5-bd3d-c94686709c9b', 'button_hover', 'custom', '{\"buttonId\": \"btnHover\", \"duration\": \"start\"}', '2024-12-04 18:36:41', '2024-12-04 18:36:41', '2024-12-04 18:36:41'),
('22bbcfda-2f72-4c4c-a2a7-6ddebd1e4e60', 'd7fb7e50-1916-43d9-a978-e69d07b6c682', 'button_hover', 'custom', '{\"buttonId\": \"btnHover\", \"duration\": \"start\"}', '2024-12-07 13:56:57', '2024-12-07 13:56:57', '2024-12-07 13:56:57'),
('463ab66f-c0c8-4912-ba56-f49d2fefd013', 'd9811c00-e858-480a-a3a2-a639896b4044', 'button_click', 'btnClick', '{}', '2024-12-13 19:23:28', '2024-12-13 19:23:28', '2024-12-13 19:23:28'),
('4782b9a0-ae65-4976-9248-7c30f9047120', 'd7fb7e50-1916-43d9-a978-e69d07b6c682', 'button_click', 'custom', '{\"buttonId\": \"btnClick\", \"location\": \"test-section\"}', '2024-12-07 13:56:47', '2024-12-07 13:56:47', '2024-12-07 13:56:47'),
('4bb299ee-0814-4c97-8dc2-e1bc58a16bd7', 'f925efc7-509d-45d3-b031-43305defeda7', 'button_hover', 'custom', '{\"buttonId\": \"btnHover\", \"duration\": \"start\"}', '2024-12-04 18:38:26', '2024-12-04 18:38:26', '2024-12-04 18:38:26'),
('4ccbd4b9-fe53-4c7a-8ce5-401652f37dbd', 'b3cbc087-38dc-4092-ab4d-c1b2948d1675', 'button_hover', 'subscription_button', '{}', '2024-12-11 14:53:13', '2024-12-11 14:53:12', '2024-12-11 14:53:12'),
('568d1048-0d1f-4846-8fc4-71354643d904', '13f8bc06-1311-42e8-bd1f-94b443ccc34b', 'button_hover', 'custom', '{\"buttonId\": \"btnHover\", \"duration\": \"start\"}', '2024-12-04 18:29:35', '2024-12-04 18:29:35', '2024-12-04 18:29:35'),
('5957883e-46d1-408a-b6e2-c9fa40198d6b', '6c7163e8-f339-41f3-a78e-93f2828569b2', 'button_click', 'btnClick', '{}', '2024-12-13 19:29:31', '2024-12-13 19:29:32', '2024-12-13 19:29:32'),
('59ebdecf-6571-4d2e-8b9d-ede79dcf46c7', 'fe2072c9-b43f-47cb-a0c1-9cd54c72d5cb', 'button_click', 'btnClick', '{}', '2024-12-13 19:38:07', '2024-12-13 19:38:07', '2024-12-13 19:38:07'),
('62677329-6116-4749-9219-33f403255d23', '0e5dad71-91d4-4238-bd1c-6ab7c75b2d3b', 'button_click', 'custom', '{\"buttonId\": \"btnClick\", \"location\": \"test-section\"}', '2024-12-07 13:57:28', '2024-12-07 13:57:28', '2024-12-07 13:57:28'),
('675dfd97-781d-4beb-8121-c4002be65cf7', 'ea42c943-0b13-45f4-a2a9-47e4cdd463ff', 'button_click', 'btnClick', '{}', '2024-12-13 19:31:32', '2024-12-13 19:31:32', '2024-12-13 19:31:32'),
('712b5bf0-2260-4c74-b776-dd278443ba2e', '13f8bc06-1311-42e8-bd1f-94b443ccc34b', 'button_click', 'custom', '{\"buttonId\": \"btnClick\", \"location\": \"test-section\"}', '2024-12-04 18:29:33', '2024-12-04 18:29:33', '2024-12-04 18:29:33'),
('751b5ca0-acb8-4aa7-98e4-211b9fe071f7', 'f343fa87-2a9f-470d-8a1a-f96c7ee8c4b7', 'subscription_click', 'custom', '{\"email\": \"sanjay@kalpas.in\"}', '2024-12-08 09:26:43', '2024-12-08 09:26:43', '2024-12-08 09:26:43'),
('79bc99a0-9dec-472b-bfab-e29c5748ae88', 'f9a709c1-6938-4754-a000-bd004e23cdad', 'button_hover', 'custom', '{\"buttonId\": \"btnHover\", \"duration\": \"start\"}', '2024-12-07 13:43:29', '2024-12-07 13:43:29', '2024-12-07 13:43:29'),
('86844233-8111-478e-aa46-1e8096dd89d1', '92394e93-b07b-49d0-a4aa-32b19f753420', 'button_hover', 'custom', '{\"buttonId\": \"btnHover\", \"duration\": \"start\"}', '2024-12-07 13:49:54', '2024-12-07 13:49:54', '2024-12-07 13:49:54'),
('87373a07-c31b-41af-9073-6a0132ff3b15', 'f9a709c1-6938-4754-a000-bd004e23cdad', 'button_click', 'custom', '{\"buttonId\": \"btnClick\", \"location\": \"test-section\"}', '2024-12-07 13:43:32', '2024-12-07 13:43:32', '2024-12-07 13:43:32'),
('a24461ba-b35a-4b23-bb6e-58d6dc556c6d', 'c3c6f4b3-b674-4f07-b518-f5b64f3c794a', 'button_click', 'custom', '{\"buttonId\": \"btnClick\", \"location\": \"test-section\"}', '2024-12-07 09:14:07', '2024-12-07 09:14:07', '2024-12-07 09:14:07'),
('a462fdec-5afa-4f5c-b7b7-1424385c2c7d', 'ddad6826-f579-419b-b100-b554942c5a8b', 'subscription_cick', 'custom', '{\"email\": \"tester@kalpas.in\"}', '2024-12-08 09:22:13', '2024-12-08 09:22:13', '2024-12-08 09:22:13'),
('b2b66e86-0201-4e1c-af70-c46fa7f9f0d2', 'c3c6f4b3-b674-4f07-b518-f5b64f3c794a', 'button_hover', 'custom', '{\"buttonId\": \"btnHover\", \"duration\": \"start\"}', '2024-12-07 09:14:10', '2024-12-07 09:14:10', '2024-12-07 09:14:10'),
('b3a9f9ed-5661-4dcd-8030-85d0e23bc9c2', '37d2938a-2dc9-4298-937b-57e281830eac', 'button_click', 'custom', '{\"buttonId\": \"btnClick\", \"location\": \"test-section\"}', '2024-12-04 18:27:44', '2024-12-04 18:27:44', '2024-12-04 18:27:44'),
('b51a2ef9-ad04-44e6-8e86-53206adb49ce', 'b7908ab1-baea-4df3-bec4-bad0ac8317cc', 'button_click', 'custom', '{\"buttonId\": \"btnClick\", \"location\": \"test-section\"}', '2024-12-11 14:39:32', '2024-12-11 14:39:33', '2024-12-11 14:39:33'),
('c1f0d0a9-766b-4dcc-bf12-ec1eeb11b47f', 'c599ccf3-f3ff-4b05-91bb-b29adf4fde3a', 'button_click', 'btnClick', '{}', '2024-12-13 19:24:25', '2024-12-13 19:24:25', '2024-12-13 19:24:25'),
('c50e2086-947f-4be4-93b1-bbe2490294a9', '92394e93-b07b-49d0-a4aa-32b19f753420', 'button_hover', 'custom', '{\"buttonId\": \"btnHover\", \"duration\": \"start\"}', '2024-12-07 13:49:56', '2024-12-07 13:49:56', '2024-12-07 13:49:56'),
('c92a3d75-cd0c-4456-9960-a962057f6891', 'b3cbc087-38dc-4092-ab4d-c1b2948d1675', 'button_click', 'btnClick', '{}', '2024-12-11 14:53:11', '2024-12-11 14:53:10', '2024-12-11 14:53:10'),
('cb316594-857b-449e-99c5-79fee88f4be1', 'f925efc7-509d-45d3-b031-43305defeda7', 'button_click', 'custom', '{\"buttonId\": \"btnClick\", \"location\": \"test-section\"}', '2024-12-04 18:38:25', '2024-12-04 18:38:25', '2024-12-04 18:38:25'),
('ce472e93-d4da-43c6-baf1-002e2571e516', '4922ab59-1bfc-46f6-8e31-7e82472eaaf7', 'button_click', 'btnClick', '{}', '2024-12-13 19:27:42', '2024-12-13 19:27:42', '2024-12-13 19:27:42'),
('e3aaf502-1a9f-41cb-b904-6e3458edab02', 'fa1d5d52-81c7-41c9-95c6-ef1479094acb', 'button_click', 'btnClick', '{}', '2024-12-13 19:48:42', '2024-12-13 19:48:42', '2024-12-13 19:48:42');

-- --------------------------------------------------------

--
-- Table structure for table `feature_products`
--

CREATE TABLE `feature_products` (
  `id` char(36) CHARACTER SET utf8mb4 COLLATE utf8mb4_bin NOT NULL,
  `sessionId` char(36) CHARACTER SET utf8mb4 COLLATE utf8mb4_bin NOT NULL,
  `productId` varchar(255) NOT NULL,
  `productCost` float NOT NULL,
  `currency` varchar(255) NOT NULL,
  `productName` varchar(255) NOT NULL,
  `userId` varchar(255) NOT NULL,
  `timestamp` datetime NOT NULL,
  `createdAt` datetime NOT NULL,
  `updatedAt` datetime NOT NULL
) ENGINE=InnoDB DEFAULT CHARSET=utf8mb4 COLLATE=utf8mb4_0900_ai_ci;

--
-- Dumping data for table `feature_products`
--

INSERT INTO `feature_products` (`id`, `sessionId`, `productId`, `productCost`, `currency`, `productName`, `userId`, `timestamp`, `createdAt`, `updatedAt`) VALUES
('03fc2a2f-5a49-49e4-8628-2aa0a47e450b', '166cc180-592a-4555-b47e-1043c104fdec', '2', 999.99, 'USD', 'Smartphone', '12', '2025-01-19 17:39:39', '2025-01-19 17:39:38', '2025-01-19 17:39:38'),
('056d9246-065b-4cf7-b704-275265ab5bef', 'd6f53ce8-aa3f-4be6-8972-8938465ab7ea', '2', 999.99, 'USD', 'Smartphone', '12', '2025-01-06 11:51:58', '2025-01-06 11:51:58', '2025-01-06 11:51:58'),
('05775551-0f7b-4992-bc55-5ce9029e1bd3', '166cc180-592a-4555-b47e-1043c104fdec', '6', 599.99, 'USD', 'Tablet', '12', '2025-01-19 17:39:49', '2025-01-19 17:39:48', '2025-01-19 17:39:48'),
('124bb628-11fe-4511-8390-0b0959581777', 'd6f53ce8-aa3f-4be6-8972-8938465ab7ea', '3', 1499.99, 'USD', 'Laptop', '12', '2025-01-06 10:50:30', '2025-01-06 10:50:30', '2025-01-06 10:50:30'),
('134a8fa9-4bc7-4e66-9127-8bcf782a08b1', '37e7cab4-aeee-4ab2-927f-cd10701f6258', '2', 999.99, 'USD', 'Smartphone', '12', '2025-01-19 17:31:04', '2025-01-19 17:31:04', '2025-01-19 17:31:04'),
('2282d12e-78d3-4316-8ffa-0b642374c200', '37e7cab4-aeee-4ab2-927f-cd10701f6258', '1', 199.99, 'USD', 'Wireless Headphones', '12', '2025-01-19 17:31:15', '2025-01-19 17:31:15', '2025-01-19 17:31:15'),
('259c33af-c2a0-40f1-ac74-50cb8a9a49eb', '166cc180-592a-4555-b47e-1043c104fdec', '2', 999.99, 'USD', 'Smartphone', '12', '2025-01-19 17:39:39', '2025-01-19 17:39:38', '2025-01-19 17:39:38'),
('2b5a5df0-f608-42c6-ae32-a4da57d3c9e0', '166cc180-592a-4555-b47e-1043c104fdec', '5', 149.99, 'USD', 'Wireless Earbuds', '12', '2025-01-19 17:34:13', '2025-01-19 17:34:12', '2025-01-19 17:34:12'),
('2c3e5113-690d-458b-b629-94067184ee94', '166cc180-592a-4555-b47e-1043c104fdec', '6', 599.99, 'USD', 'Tablet', '12', '2025-01-19 17:40:01', '2025-01-19 17:40:00', '2025-01-19 17:40:00'),
('3204980a-b71d-4be2-8ce2-8bc6e0e92dd1', 'd6f53ce8-aa3f-4be6-8972-8938465ab7ea', '1', 199.99, 'USD', 'Wireless Headphones', '12', '2025-01-06 11:32:39', '2025-01-06 11:32:39', '2025-01-06 11:32:39'),
('348e63da-595c-4322-a7e2-e59cd5036586', 'd6f53ce8-aa3f-4be6-8972-8938465ab7ea', '1', 199.99, 'USD', 'Wireless Headphones', '12', '2025-01-06 10:42:48', '2025-01-06 10:42:48', '2025-01-06 10:42:48'),
('3607b601-6a0f-4afd-ad21-cfaac6566cd2', 'd6f53ce8-aa3f-4be6-8972-8938465ab7ea', '1', 199.99, 'USD', 'Wireless Headphones', '12', '2025-01-06 11:32:39', '2025-01-06 11:32:39', '2025-01-06 11:32:39'),
('36f62211-8b2d-4cea-a4df-8d3b8a438d3c', '37e7cab4-aeee-4ab2-927f-cd10701f6258', '1', 199.99, 'USD', 'Wireless Headphones', '12', '2025-01-19 17:31:53', '2025-01-19 17:31:52', '2025-01-19 17:31:52'),
('3998f736-94c5-4993-a969-679c7ea68bd3', '166cc180-592a-4555-b47e-1043c104fdec', '2', 999.99, 'USD', 'Smartphone', '12', '2025-01-19 17:39:35', '2025-01-19 17:39:34', '2025-01-19 17:39:34'),
('3d89e64a-addd-425d-96bd-ad328e18661f', 'd6f53ce8-aa3f-4be6-8972-8938465ab7ea', '2', 999.99, 'USD', 'Smartphone', '12', '2025-01-06 12:09:00', '2025-01-06 12:09:00', '2025-01-06 12:09:00'),
('3ec5e5b1-207a-433b-b1d7-8d730cd28b07', '37e7cab4-aeee-4ab2-927f-cd10701f6258', '1', 199.99, 'USD', 'Wireless Headphones', '12', '2025-01-19 17:31:53', '2025-01-19 17:31:52', '2025-01-19 17:31:52'),
('400a065a-681c-44bc-b362-465d0db21e95', 'd6f53ce8-aa3f-4be6-8972-8938465ab7ea', '3', 1499.99, 'USD', 'Laptop', '12', '2025-01-06 11:54:58', '2025-01-06 11:55:04', '2025-01-06 11:55:04'),
('41c2edc6-d9a9-4bf8-8573-458502d6cf9c', 'd6f53ce8-aa3f-4be6-8972-8938465ab7ea', '3', 1499.99, 'USD', 'Laptop', '12', '2025-01-06 11:54:58', '2025-01-06 11:55:01', '2025-01-06 11:55:01'),
('42859e8d-edc6-46a1-9bba-b35d2627d9ad', 'd6f53ce8-aa3f-4be6-8972-8938465ab7ea', '3', 1499.99, 'USD', 'Laptop', '12', '2025-01-06 11:54:58', '2025-01-06 11:55:01', '2025-01-06 11:55:01'),
('42d31145-cede-4790-831b-d24867d80b9d', 'd6f53ce8-aa3f-4be6-8972-8938465ab7ea', '3', 1499.99, 'USD', 'Laptop', '12', '2025-01-06 11:54:58', '2025-01-06 11:55:03', '2025-01-06 11:55:03'),
('42ef9a11-7261-4041-9ff3-95f9e39b4be0', '37e7cab4-aeee-4ab2-927f-cd10701f6258', '2', 999.99, 'USD', 'Smartphone', '12', '2025-01-19 17:31:04', '2025-01-19 17:31:04', '2025-01-19 17:31:04'),
('47c8bc49-6b45-49fd-84c9-aebce6d06df9', '37e7cab4-aeee-4ab2-927f-cd10701f6258', '2', 999.99, 'USD', 'Smartphone', '12', '2025-01-19 17:31:19', '2025-01-19 17:31:19', '2025-01-19 17:31:19'),
('4899ceb6-50b6-42b3-90f5-8c1e4bcb4c7f', '166cc180-592a-4555-b47e-1043c104fdec', '2', 999.99, 'USD', 'Smartphone', '12', '2025-01-19 17:39:35', '2025-01-19 17:39:34', '2025-01-19 17:39:34'),
('49f0eeaf-b11f-4f00-9da5-8b6493afafc5', 'e3c2c0cf-9349-458e-b18d-a3c302ca1b86', '4', 299.99, 'USD', 'Smartwatch', '12', '2025-01-06 12:20:12', '2025-01-06 12:20:12', '2025-01-06 12:20:12'),
('4daf7b1f-dfb5-4c1a-85db-0c4906c9061f', '37e7cab4-aeee-4ab2-927f-cd10701f6258', '1', 199.99, 'USD', 'Wireless Headphones', '12', '2025-01-19 17:32:02', '2025-01-19 17:32:02', '2025-01-19 17:32:02'),
('4deafc13-54e1-44ed-8df4-c2a490c9c131', 'd6f53ce8-aa3f-4be6-8972-8938465ab7ea', '2', 999.99, 'USD', 'Smartphone', '12', '2025-01-06 12:09:00', '2025-01-06 12:09:00', '2025-01-06 12:09:00'),
('4f4c9de5-25f8-4f31-b54f-2a03a832e30b', 'd6f53ce8-aa3f-4be6-8972-8938465ab7ea', '2', 999.99, 'USD', 'Smartphone', '12', '2025-01-06 10:50:19', '2025-01-06 10:50:19', '2025-01-06 10:50:19'),
('51a144ed-43d5-4b14-b510-e8b3e2b7008f', '166cc180-592a-4555-b47e-1043c104fdec', '6', 599.99, 'USD', 'Tablet', '12', '2025-01-19 17:39:49', '2025-01-19 17:39:48', '2025-01-19 17:39:48'),
('59114fed-7cab-40a9-acb1-bea274d80a43', 'd6f53ce8-aa3f-4be6-8972-8938465ab7ea', '3', 1499.99, 'USD', 'Laptop', '12', '2025-01-06 11:54:58', '2025-01-06 11:54:58', '2025-01-06 11:54:58'),
('5b95a578-6426-4978-94d8-4bf326036b0b', '166cc180-592a-4555-b47e-1043c104fdec', '6', 599.99, 'USD', 'Tablet', '12', '2025-01-19 17:39:53', '2025-01-19 17:39:52', '2025-01-19 17:39:52'),
('60fbf76f-ae39-46f6-8cf4-f4773a9d7f09', 'd6f53ce8-aa3f-4be6-8972-8938465ab7ea', '1', 199.99, 'USD', 'Wireless Headphones', '12', '2025-01-06 10:42:48', '2025-01-06 10:42:48', '2025-01-06 10:42:48'),
('610d1057-6290-4331-8c11-ee25fbe599e3', 'd6f53ce8-aa3f-4be6-8972-8938465ab7ea', '2', 999.99, 'USD', 'Smartphone', '12', '2025-01-06 10:50:19', '2025-01-06 10:50:19', '2025-01-06 10:50:19'),
('61f4ae12-6b0d-4a1f-8167-c6c7271f9f66', '1bf0be94-dc0d-4564-9fa7-05beb408f5a5', '1', 199.99, 'USD', 'Wireless Headphones', '12', '2025-01-08 15:04:51', '2025-01-08 15:04:51', '2025-01-08 15:04:51'),
('67104a32-f7bb-40a6-8df2-074b0f1e8a52', '166cc180-592a-4555-b47e-1043c104fdec', '2', 999.99, 'USD', 'Smartphone', '12', '2025-01-19 17:39:28', '2025-01-19 17:39:28', '2025-01-19 17:39:28'),
('6883f07c-afb6-45dc-9d4f-e06d7d3d462f', 'd6f53ce8-aa3f-4be6-8972-8938465ab7ea', '3', 1499.99, 'USD', 'Laptop', '12', '2025-01-06 11:56:10', '2025-01-06 11:56:10', '2025-01-06 11:56:10'),
('73bd2c7a-3d83-4e37-b429-b6f12ce123bf', '37e7cab4-aeee-4ab2-927f-cd10701f6258', '1', 199.99, 'USD', 'Wireless Headphones', '12', '2025-01-19 17:31:15', '2025-01-19 17:31:15', '2025-01-19 17:31:15'),
('7949cd5b-1d92-476f-b873-4aed14112669', 'e3c2c0cf-9349-458e-b18d-a3c302ca1b86', '1', 199.99, 'USD', 'Wireless Headphones', '12', '2025-01-06 15:42:04', '2025-01-06 15:42:04', '2025-01-06 15:42:04'),
('7c5d5e51-5cfe-44dc-9269-4150365625c3', '802d8e48-35f9-456b-b137-acd7ccf475d9', '1', 199.99, 'USD', 'Wireless Headphones', '12', '2025-01-19 17:22:46', '2025-01-19 17:22:46', '2025-01-19 17:22:46'),
('7cf41ddd-4973-4b05-b5b2-420437dfc74e', '802d8e48-35f9-456b-b137-acd7ccf475d9', '1', 199.99, 'USD', 'Wireless Headphones', '12', '2025-01-19 17:22:46', '2025-01-19 17:22:45', '2025-01-19 17:22:45'),
('80f69261-4964-4269-98e9-a7d8122953e6', '166cc180-592a-4555-b47e-1043c104fdec', '6', 599.99, 'USD', 'Tablet', '12', '2025-01-19 17:39:53', '2025-01-19 17:39:52', '2025-01-19 17:39:52'),
('8b3c88f7-69a2-4577-85c3-8c7641e201d7', '166cc180-592a-4555-b47e-1043c104fdec', '2', 999.99, 'USD', 'Smartphone', '12', '2025-01-19 17:32:53', '2025-01-19 17:32:52', '2025-01-19 17:32:52'),
('91c7c540-183c-4f35-bd20-7b6e1b251cfd', 'd6f53ce8-aa3f-4be6-8972-8938465ab7ea', '2', 999.99, 'USD', 'Smartphone', '12', '2025-01-06 10:50:35', '2025-01-06 10:50:35', '2025-01-06 10:50:35'),
('98576eb0-4adb-4a6e-af8e-20ce2bd5504e', '37e7cab4-aeee-4ab2-927f-cd10701f6258', '2', 999.99, 'USD', 'Smartphone', '12', '2025-01-19 17:31:10', '2025-01-19 17:31:09', '2025-01-19 17:31:09'),
('993d693a-0ee3-4b2f-b250-39100a71ea10', 'd6f53ce8-aa3f-4be6-8972-8938465ab7ea', '3', 1499.99, 'USD', 'Laptop', '12', '2025-01-06 11:54:58', '2025-01-06 11:54:58', '2025-01-06 11:54:58'),
('99a22a09-be93-4a57-bc72-402c597d8136', 'd6f53ce8-aa3f-4be6-8972-8938465ab7ea', '2', 999.99, 'USD', 'Smartphone', '12', '2025-01-06 10:50:35', '2025-01-06 10:50:35', '2025-01-06 10:50:35'),
('9b6cbaa7-bb08-4a79-986a-a68ebe843068', 'e3c2c0cf-9349-458e-b18d-a3c302ca1b86', '4', 299.99, 'USD', 'Smartwatch', '12', '2025-01-06 12:20:12', '2025-01-06 12:20:12', '2025-01-06 12:20:12'),
('9ede3cfc-6e87-4a61-ae34-9ddf7e4c905c', 'e3c2c0cf-9349-458e-b18d-a3c302ca1b86', '1', 199.99, 'USD', 'Wireless Headphones', '12', '2025-01-06 15:42:04', '2025-01-06 15:42:04', '2025-01-06 15:42:04'),
('a089ae04-fd6b-4f78-9222-5c909927d934', '37e7cab4-aeee-4ab2-927f-cd10701f6258', '2', 999.99, 'USD', 'Smartphone', '12', '2025-01-19 17:30:59', '2025-01-19 17:30:59', '2025-01-19 17:30:59'),
('a324a463-960f-4c3b-9c08-19eef6387346', 'd6f53ce8-aa3f-4be6-8972-8938465ab7ea', '2', 999.99, 'USD', 'Smartphone', '12', '2025-01-06 12:04:06', '2025-01-06 12:04:06', '2025-01-06 12:04:06'),
('ab61c9ca-f8e0-4fd6-8018-31c7c9564d5a', '37e7cab4-aeee-4ab2-927f-cd10701f6258', '2', 999.99, 'USD', 'Smartphone', '12', '2025-01-19 17:31:19', '2025-01-19 17:31:19', '2025-01-19 17:31:19'),
('adb178bd-edca-4969-ab99-ee72f9c2fc4d', 'd6f53ce8-aa3f-4be6-8972-8938465ab7ea', '2', 999.99, 'USD', 'Smartphone', '12', '2025-01-06 12:04:06', '2025-01-06 12:04:06', '2025-01-06 12:04:06'),
('b0998ef0-cf01-44e6-9b75-8b946857fa03', 'd6f53ce8-aa3f-4be6-8972-8938465ab7ea', '3', 1499.99, 'USD', 'Laptop', '12', '2025-01-06 11:56:10', '2025-01-06 11:56:10', '2025-01-06 11:56:10'),
('b28bb62a-89d9-4c56-8b39-52ff3d25ed17', '166cc180-592a-4555-b47e-1043c104fdec', '5', 149.99, 'USD', 'Wireless Earbuds', '12', '2025-01-19 17:34:13', '2025-01-19 17:34:12', '2025-01-19 17:34:12'),
('b56d79f5-9d58-4734-96bf-a486fd4728bd', '166cc180-592a-4555-b47e-1043c104fdec', '5', 149.99, 'USD', 'Wireless Earbuds', '12', '2025-01-19 17:34:08', '2025-01-19 17:34:07', '2025-01-19 17:34:07'),
('bbed468b-be88-4d4e-bdb8-8d1e5eaf4240', 'd6f53ce8-aa3f-4be6-8972-8938465ab7ea', '3', 1499.99, 'USD', 'Laptop', '12', '2025-01-06 10:50:30', '2025-01-06 10:50:30', '2025-01-06 10:50:30'),
('bca76d36-6df1-4692-ae05-44955cf45f67', '37e7cab4-aeee-4ab2-927f-cd10701f6258', '2', 999.99, 'USD', 'Smartphone', '12', '2025-01-19 17:30:59', '2025-01-19 17:30:59', '2025-01-19 17:30:59'),
('c246c962-654f-4736-893e-404afade17be', '166cc180-592a-4555-b47e-1043c104fdec', '6', 599.99, 'USD', 'Tablet', '12', '2025-01-19 17:40:01', '2025-01-19 17:40:00', '2025-01-19 17:40:00'),
('ca0d272a-2698-45f7-a27b-1e290f296c34', '1bf0be94-dc0d-4564-9fa7-05beb408f5a5', '1', 199.99, 'USD', 'Wireless Headphones', '12', '2025-01-08 15:05:01', '2025-01-08 15:05:01', '2025-01-08 15:05:01'),
('d32250ae-e67e-49e4-a7e8-85ba96424ac2', '37e7cab4-aeee-4ab2-927f-cd10701f6258', '2', 999.99, 'USD', 'Smartphone', '12', '2025-01-19 17:31:10', '2025-01-19 17:31:09', '2025-01-19 17:31:09'),
('da0f4047-5a69-4073-b92e-ab5e3a3a5952', '16974d46-8374-4a67-8207-9cf313802376', '2', 999.99, 'USD', 'Smartphone', '12', '2025-01-08 19:41:27', '2025-01-08 19:41:27', '2025-01-08 19:41:27'),
('da1d21e0-8a35-4601-9019-ad032085bb2f', 'd6f53ce8-aa3f-4be6-8972-8938465ab7ea', '3', 1499.99, 'USD', 'Laptop', '12', '2025-01-06 11:54:58', '2025-01-06 11:55:04', '2025-01-06 11:55:04'),
('dd69091a-169c-4586-87d8-1a3a380904f2', '166cc180-592a-4555-b47e-1043c104fdec', '2', 999.99, 'USD', 'Smartphone', '12', '2025-01-19 17:32:53', '2025-01-19 17:32:52', '2025-01-19 17:32:52'),
('de83c607-da0f-42ce-bfbf-c6bcf452f929', 'd6f53ce8-aa3f-4be6-8972-8938465ab7ea', '3', 1499.99, 'USD', 'Laptop', '12', '2025-01-06 11:54:58', '2025-01-06 11:55:01', '2025-01-06 11:55:01'),
('eca591cf-02fe-45a8-b33c-9df5949d7a4e', '166cc180-592a-4555-b47e-1043c104fdec', '5', 149.99, 'USD', 'Wireless Earbuds', '12', '2025-01-19 17:34:08', '2025-01-19 17:34:07', '2025-01-19 17:34:07'),
('f2b20459-b57d-41e7-9676-3a9852afe931', '37e7cab4-aeee-4ab2-927f-cd10701f6258', '1', 199.99, 'USD', 'Wireless Headphones', '12', '2025-01-19 17:32:02', '2025-01-19 17:32:02', '2025-01-19 17:32:02'),
('fe2cc2aa-3b9b-49aa-81af-fd4c2328ca45', 'd6f53ce8-aa3f-4be6-8972-8938465ab7ea', '2', 999.99, 'USD', 'Smartphone', '12', '2025-01-06 11:51:58', '2025-01-06 11:51:58', '2025-01-06 11:51:58'),
('fed63bdd-2a6f-4643-9ebf-1a92182ab615', '166cc180-592a-4555-b47e-1043c104fdec', '2', 999.99, 'USD', 'Smartphone', '12', '2025-01-19 17:39:28', '2025-01-19 17:39:28', '2025-01-19 17:39:28');

-- --------------------------------------------------------

--
-- Table structure for table `header_navigation`
--

CREATE TABLE `header_navigation` (
  `id` char(36) CHARACTER SET utf8mb4 COLLATE utf8mb4_bin NOT NULL,
  `sessionId` char(36) CHARACTER SET utf8mb4 COLLATE utf8mb4_bin NOT NULL,
  `userId` varchar(255) NOT NULL,
  `timestamp` datetime NOT NULL,
  `createdAt` datetime NOT NULL,
  `updatedAt` datetime NOT NULL
) ENGINE=InnoDB DEFAULT CHARSET=utf8mb4 COLLATE=utf8mb4_0900_ai_ci;

--
-- Dumping data for table `header_navigation`
--

INSERT INTO `header_navigation` (`id`, `sessionId`, `userId`, `timestamp`, `createdAt`, `updatedAt`) VALUES
('072dcd1d-df54-4f5b-8b9b-f3985294d4b7', 'e6d05ba7-62f8-4c79-b98f-397637f58c45', '12', '2024-12-20 11:35:23', '2024-12-20 11:35:23', '2024-12-20 11:35:23'),
('117d6c38-7c1f-493f-983a-2a90f7e49024', 'c77c944f-b66a-4633-9dad-4c35e4de8ace', '12', '2024-12-18 12:54:24', '2024-12-18 12:54:24', '2024-12-18 12:54:24'),
('1a102dc8-d124-4be1-8a62-c3bbf1df32f3', 'e6d05ba7-62f8-4c79-b98f-397637f58c45', '12', '2024-12-20 11:35:26', '2024-12-20 11:35:26', '2024-12-20 11:35:26'),
('223356d9-d399-4b2d-8097-f6c8aad923fc', 'd9f20c1f-3f44-4f64-a7fa-f80844a0bca4', '12', '2024-12-18 13:31:08', '2024-12-18 13:31:08', '2024-12-18 13:31:08'),
('24872353-7a1a-47c1-aec6-770500956820', '4d96a921-5414-4ad2-be1c-717e034808d2', '12', '2024-12-17 07:06:51', '2024-12-17 07:06:51', '2024-12-17 07:06:51'),
('305d2d0a-2666-4613-96be-661a4a6a1dbe', '067a32a6-ad28-4b4e-8ebf-7791392e0f1b', '12', '2024-12-16 17:14:04', '2024-12-16 17:14:04', '2024-12-16 17:14:04'),
('67ffa8cd-1915-45d4-9067-647c18baa424', 'c77c944f-b66a-4633-9dad-4c35e4de8ace', '12', '2024-12-18 12:54:24', '2024-12-18 12:54:24', '2024-12-18 12:54:24'),
('6d118bbe-5d94-4384-8f98-58e138ab4060', 'e6d05ba7-62f8-4c79-b98f-397637f58c45', '12', '2024-12-20 11:35:25', '2024-12-20 11:35:25', '2024-12-20 11:35:25'),
('709da79c-659e-4c7a-9753-70b0a11b1a71', 'c77c944f-b66a-4633-9dad-4c35e4de8ace', '12', '2024-12-18 12:54:22', '2024-12-18 12:54:22', '2024-12-18 12:54:22'),
('9b009cac-9204-4bab-bac4-b8cbdd4ea0bd', 'ac61da74-e56d-49a7-975a-f50f9ab7ed0f', '12', '2024-12-16 16:43:07', '2024-12-16 16:43:07', '2024-12-16 16:43:07'),
('a64a9b1c-a656-4518-ab0c-19b2ba05f7b6', 'c77c944f-b66a-4633-9dad-4c35e4de8ace', '12', '2024-12-18 12:54:24', '2024-12-18 12:54:25', '2024-12-18 12:54:25'),
('a85e9f32-4f69-4cb6-83e2-d0ec736dc697', 'c77c944f-b66a-4633-9dad-4c35e4de8ace', '12', '2024-12-18 12:54:23', '2024-12-18 12:54:23', '2024-12-18 12:54:23'),
('ae6d79a8-ce7a-4f00-8134-54151c8a0783', '4d96a921-5414-4ad2-be1c-717e034808d2', '12', '2024-12-17 07:09:33', '2024-12-17 07:09:33', '2024-12-17 07:09:33'),
('b73f96a4-fa6d-4550-b928-d104d134fb7d', 'e20d0f78-7e06-44f7-a099-0ec5f7c6976d', '12', '2024-12-16 17:37:22', '2024-12-16 17:37:22', '2024-12-16 17:37:22'),
('cc96b50f-5795-4445-8252-047fe4da7411', '4d96a921-5414-4ad2-be1c-717e034808d2', '12', '2024-12-17 07:09:25', '2024-12-17 07:09:25', '2024-12-17 07:09:25'),
('dc435c75-3d8b-4af0-be5f-1251c45c515d', 'c77c944f-b66a-4633-9dad-4c35e4de8ace', '12', '2024-12-18 12:54:19', '2024-12-18 12:54:19', '2024-12-18 12:54:19'),
('fece1b83-0ec2-4ea6-88dd-25b4a79a2f57', 'c77c944f-b66a-4633-9dad-4c35e4de8ace', '12', '2024-12-18 12:54:24', '2024-12-18 12:54:24', '2024-12-18 12:54:24');

-- --------------------------------------------------------

--
-- Table structure for table `proceed_to_checkout`
--

CREATE TABLE `proceed_to_checkout` (
  `id` char(36) CHARACTER SET utf8mb4 COLLATE utf8mb4_bin NOT NULL,
  `sessionId` char(36) CHARACTER SET utf8mb4 COLLATE utf8mb4_bin NOT NULL,
  `productIds` varchar(255) NOT NULL,
  `cartValue` float NOT NULL,
  `currency` varchar(255) NOT NULL,
  `productName` varchar(255) NOT NULL,
  `userId` varchar(255) NOT NULL,
  `timestamp` datetime NOT NULL,
  `createdAt` datetime NOT NULL,
  `updatedAt` datetime NOT NULL
) ENGINE=InnoDB DEFAULT CHARSET=utf8mb4 COLLATE=utf8mb4_0900_ai_ci;

--
-- Dumping data for table `proceed_to_checkout`
--

INSERT INTO `proceed_to_checkout` (`id`, `sessionId`, `productIds`, `cartValue`, `currency`, `productName`, `userId`, `timestamp`, `createdAt`, `updatedAt`) VALUES
('01122f39-10a6-4ba2-8e92-0c3697c049be', '1bf0be94-dc0d-4564-9fa7-05beb408f5a5', '5', 149.99, 'USD', 'Wireless Earbuds', '12', '2025-01-19 08:37:23', '2025-01-19 08:37:23', '2025-01-19 08:37:23'),
('099d4b5b-daa1-4eae-b4ec-bc6064bc9946', 'c77c944f-b66a-4633-9dad-4c35e4de8ace', '3,2,1,4,5,6', 4349.91, 'USD', 'Laptop, Smartphone, Wireless Headphones, Smartwatch, Wireless Earbuds, Tablet', '12', '2024-12-18 12:54:26', '2024-12-18 12:54:26', '2024-12-18 12:54:26'),
('1637bda8-37a3-4d1a-bb98-81a2c11b3a31', 'e23790d3-51d3-49f4-b98a-c5a06491ba67', '3', 1499.99, 'USD', 'Laptop', '12', '2025-01-08 11:26:57', '2025-01-08 11:26:57', '2025-01-08 11:26:57'),
('1e84af77-70dc-41f0-a310-fe2edb5cd2eb', 'b7c07ead-c3a2-44f8-aab8-4696060af004', '3', 1499.99, 'USD', 'Laptop', '12', '2025-01-07 16:27:56', '2025-01-07 16:27:56', '2025-01-07 16:27:56'),
('2971f94a-4fba-40c4-a682-4bb5359c50d9', '4d96a921-5414-4ad2-be1c-717e034808d2', '1', 199.99, 'USD', 'Wireless Headphones', '12', '2024-12-17 07:09:35', '2024-12-17 07:09:35', '2024-12-17 07:09:35'),
('2aee37b2-93f3-42e0-8f44-aa7e80bbfd78', 'd6f53ce8-aa3f-4be6-8972-8938465ab7ea', '1', 199.99, 'USD', 'Wireless Headphones', '12', '2025-01-06 11:57:19', '2025-01-06 11:57:19', '2025-01-06 11:57:19'),
('34d3d0c9-3874-45fa-8112-123f8e744814', 'd6f53ce8-aa3f-4be6-8972-8938465ab7ea', '3,6,5,1', 2599.95, 'USD', 'Laptop, Tablet, Wireless Earbuds, Wireless Headphones', '12', '2025-01-06 08:23:39', '2025-01-06 08:23:39', '2025-01-06 08:23:39'),
('3516fd06-a58c-4262-a162-257fe6410a6b', '43b26b45-dfe0-4560-944c-9ed0feda2306', '3', 1499.99, 'USD', 'Laptop', '12', '2024-12-16 15:02:13', '2024-12-16 15:02:13', '2024-12-16 15:02:13'),
('3d1562ac-58a1-4eb4-8709-5e7ef45dfc86', 'd6f53ce8-aa3f-4be6-8972-8938465ab7ea', '3', 1499.99, 'USD', 'Laptop', '12', '2025-01-06 08:19:01', '2025-01-06 08:19:01', '2025-01-06 08:19:01'),
('3e0f11df-8472-4fec-bb1e-b6478042a7e6', '1bf0be94-dc0d-4564-9fa7-05beb408f5a5', '1', 199.99, 'USD', 'Wireless Headphones', '12', '2025-01-11 04:20:25', '2025-01-11 04:20:25', '2025-01-11 04:20:25'),
('47c3b358-5b1c-41f3-ac2b-c307050790ff', 'd6f53ce8-aa3f-4be6-8972-8938465ab7ea', '2', 999.99, 'USD', 'Smartphone', '12', '2025-01-06 10:50:24', '2025-01-06 10:50:24', '2025-01-06 10:50:24'),
('48709417-9b1c-4dd6-8be3-b1e23579f71e', '067a32a6-ad28-4b4e-8ebf-7791392e0f1b', '3', 1499.99, 'USD', 'Laptop', '12', '2024-12-16 17:14:06', '2024-12-16 17:14:06', '2024-12-16 17:14:06'),
('55fbbbd2-30ab-4fb2-903c-eef925a8b6fb', '1bf0be94-dc0d-4564-9fa7-05beb408f5a5', '1', 199.99, 'USD', 'Wireless Headphones', '12', '2025-01-11 04:20:36', '2025-01-11 04:20:36', '2025-01-11 04:20:36'),
('72f1659b-a3b0-4528-8968-646381c7f5ec', 'd6f53ce8-aa3f-4be6-8972-8938465ab7ea', '1,3', 1699.98, 'USD', 'Wireless Headphones, Laptop', '12', '2025-01-06 08:22:10', '2025-01-06 08:22:10', '2025-01-06 08:22:10'),
('751dc1a2-a20e-4bea-9dee-e8491f05e8dc', '1bf0be94-dc0d-4564-9fa7-05beb408f5a5', '1', 199.99, 'USD', 'Wireless Headphones', '12', '2025-01-11 04:20:23', '2025-01-11 04:20:23', '2025-01-11 04:20:23'),
('9056731e-4b64-4e16-a969-c8ca9b0c501b', '1bf0be94-dc0d-4564-9fa7-05beb408f5a5', '3', 1499.99, 'USD', 'Laptop', '12', '2025-01-11 04:27:09', '2025-01-11 04:27:09', '2025-01-11 04:27:09'),
('92e5ecae-5668-4d26-a7d6-5eba9f53fd40', 'ac61da74-e56d-49a7-975a-f50f9ab7ed0f', '2', 999.99, 'USD', 'Smartphone', '12', '2024-12-16 16:36:39', '2024-12-16 16:36:39', '2024-12-16 16:36:39'),
('af74c722-ac77-4878-b716-9073cf9be8b9', '1bf0be94-dc0d-4564-9fa7-05beb408f5a5', '1', 199.99, 'USD', 'Wireless Headphones', '12', '2025-01-08 15:05:03', '2025-01-08 15:05:03', '2025-01-08 15:05:03'),
('b1983248-0395-4f60-842e-c07160b7df4e', 'b7c07ead-c3a2-44f8-aab8-4696060af004', '3,1,2', 4199.96, 'USD', 'Laptop, Wireless Headphones, Smartphone', '12', '2025-01-07 13:07:47', '2025-01-07 13:07:48', '2025-01-07 13:07:48'),
('be72e550-bf72-4061-b7e6-6a283d964658', 'e20d0f78-7e06-44f7-a099-0ec5f7c6976d', '1,2,3,6', 3299.96, 'USD', 'Wireless Headphones, Smartphone, Laptop, Tablet', '12', '2024-12-16 17:37:28', '2024-12-16 17:37:28', '2024-12-16 17:37:28'),
('beee4e3e-23a4-4b9d-867c-0571ec65108e', 'd9f20c1f-3f44-4f64-a7fa-f80844a0bca4', '3', 1499.99, 'USD', 'Laptop', '12', '2024-12-18 13:31:11', '2024-12-18 13:31:11', '2024-12-18 13:31:11'),
('c61f89d7-5030-499b-8c9e-05ef6866597e', '1bf0be94-dc0d-4564-9fa7-05beb408f5a5', '1', 199.99, 'USD', 'Wireless Headphones', '12', '2025-01-11 04:20:14', '2025-01-11 04:20:14', '2025-01-11 04:20:14'),
('c81b3194-0354-4c89-9cef-9fb384cf3957', '4d96a921-5414-4ad2-be1c-717e034808d2', '1', 199.99, 'USD', 'Wireless Headphones', '12', '2024-12-17 07:07:06', '2024-12-17 07:07:06', '2024-12-17 07:07:06'),
('d170b291-2d6b-42d9-9844-bff536e23890', '1bf0be94-dc0d-4564-9fa7-05beb408f5a5', '1,2', 1199.98, 'USD', 'Wireless Headphones, Smartphone', '12', '2025-01-11 04:41:32', '2025-01-11 04:41:33', '2025-01-11 04:41:33'),
('d43a8430-22b9-4a98-8e6f-5b1fd831bd64', '1bf0be94-dc0d-4564-9fa7-05beb408f5a5', '2', 999.99, 'USD', 'Smartphone', '12', '2025-01-08 15:05:29', '2025-01-08 15:05:29', '2025-01-08 15:05:29'),
('d6b76607-2600-4b71-adb1-ff1ccdf720eb', 'd6f53ce8-aa3f-4be6-8972-8938465ab7ea', '3', 1499.99, 'USD', 'Laptop', '12', '2025-01-06 08:16:56', '2025-01-06 08:16:56', '2025-01-06 08:16:56'),
('d76b2291-0e22-4c9c-8f28-2c7cdc7e5c50', 'd6f53ce8-aa3f-4be6-8972-8938465ab7ea', '1', 199.99, 'USD', 'Wireless Headphones', '12', '2025-01-06 10:43:03', '2025-01-06 10:43:03', '2025-01-06 10:43:03'),
('d895d92a-b90e-4ce0-94ba-f93d3d17ed6e', '293baeba-831b-43b2-a273-caca0ccf5dca', '1', 199.99, 'USD', 'Wireless Headphones', '12', '2025-01-06 12:14:32', '2025-01-06 12:14:32', '2025-01-06 12:14:32'),
('eaa7f293-c25c-49b9-a292-c1d3bb95b0e8', 'e3c2c0cf-9349-458e-b18d-a3c302ca1b86', '3', 1499.99, 'USD', 'Laptop', '12', '2025-01-06 12:17:26', '2025-01-06 12:17:26', '2025-01-06 12:17:26'),
('fff885f5-bcf4-4275-952c-db787c85a809', '1bf0be94-dc0d-4564-9fa7-05beb408f5a5', '1', 199.99, 'USD', 'Wireless Headphones', '12', '2025-01-11 04:20:08', '2025-01-11 04:20:09', '2025-01-11 04:20:09');

-- --------------------------------------------------------

--
-- Table structure for table `proceed_to_payment`
--

CREATE TABLE `proceed_to_payment` (
  `id` char(36) CHARACTER SET utf8mb4 COLLATE utf8mb4_bin NOT NULL,
  `sessionId` char(36) CHARACTER SET utf8mb4 COLLATE utf8mb4_bin NOT NULL,
  `productIds` json NOT NULL,
  `cartValue` float NOT NULL,
  `currency` varchar(255) NOT NULL,
  `productName` varchar(255) NOT NULL,
  `userId` varchar(255) NOT NULL,
  `timestamp` datetime NOT NULL,
  `createdAt` datetime NOT NULL,
  `updatedAt` datetime NOT NULL
) ENGINE=InnoDB DEFAULT CHARSET=utf8mb4 COLLATE=utf8mb4_0900_ai_ci;

--
-- Dumping data for table `proceed_to_payment`
--

INSERT INTO `proceed_to_payment` (`id`, `sessionId`, `productIds`, `cartValue`, `currency`, `productName`, `userId`, `timestamp`, `createdAt`, `updatedAt`) VALUES
('07450a70-5683-4686-9db9-d1aa6c784072', 'd6f53ce8-aa3f-4be6-8972-8938465ab7ea', '[]', 0, 'USD', '', '12', '2025-01-06 11:57:25', '2025-01-06 11:57:25', '2025-01-06 11:57:25'),
('07566197-1139-4fb7-a641-17b8b73e965a', '1bf0be94-dc0d-4564-9fa7-05beb408f5a5', '[\"3\"]', 1499.99, 'USD', 'Laptop', '12', '2025-01-11 04:27:10', '2025-01-11 04:27:10', '2025-01-11 04:27:10'),
('1f67c05c-9bb8-4bd1-8ec8-5c2581f0be32', '1bf0be94-dc0d-4564-9fa7-05beb408f5a5', '[\"1\", \"2\"]', 1199.98, 'USD', 'Wireless Headphones, Smartphone', '12', '2025-01-11 04:41:34', '2025-01-11 04:41:34', '2025-01-11 04:41:34'),
('1ff72abb-a3b7-43c5-a138-f9dfe8ffda4c', '1bf0be94-dc0d-4564-9fa7-05beb408f5a5', '[]', 0, 'USD', '', '12', '2025-01-11 04:27:11', '2025-01-11 04:27:11', '2025-01-11 04:27:11'),
('2981cbd6-b5ee-4e50-8f78-f737eca1c654', '293baeba-831b-43b2-a273-caca0ccf5dca', '[]', 0, 'USD', '', '12', '2025-01-06 12:14:34', '2025-01-06 12:14:34', '2025-01-06 12:14:34'),
('2a38370a-560d-4ae5-af0b-a314ac4fa328', '4d96a921-5414-4ad2-be1c-717e034808d2', '[\"1\"]', 199.99, 'USD', 'Wireless Headphones', '12', '2024-12-17 07:07:23', '2024-12-17 07:07:23', '2024-12-17 07:07:23'),
('36fb5157-9dab-40c1-84f6-a9b1d833e95a', 'e3c2c0cf-9349-458e-b18d-a3c302ca1b86', '[\"3\"]', 1499.99, 'USD', 'Laptop', '12', '2025-01-06 12:17:41', '2025-01-06 12:17:41', '2025-01-06 12:17:41'),
('4793177d-c5d6-44a4-8d3f-cb05d54c0123', 'd6f53ce8-aa3f-4be6-8972-8938465ab7ea', '[\"1\", \"3\"]', 1699.98, 'USD', 'Wireless Headphones, Laptop', '12', '2025-01-06 08:22:12', '2025-01-06 08:22:12', '2025-01-06 08:22:12'),
('4cf9e01c-c0f5-49bb-951e-4cf13f447f55', 'b7c07ead-c3a2-44f8-aab8-4696060af004', '[\"3\", \"1\", \"2\"]', 4199.96, 'USD', 'Laptop, Wireless Headphones, Smartphone', '12', '2025-01-07 13:07:49', '2025-01-07 13:07:50', '2025-01-07 13:07:50'),
('5697318f-4e39-4094-86db-063d33c76ee4', '1bf0be94-dc0d-4564-9fa7-05beb408f5a5', '[\"1\"]', 199.99, 'USD', 'Wireless Headphones', '12', '2025-01-08 15:05:05', '2025-01-08 15:05:05', '2025-01-08 15:05:05'),
('6527013d-1ec5-4a0a-aedf-5d086eeda983', '1bf0be94-dc0d-4564-9fa7-05beb408f5a5', '[]', 0, 'USD', '', '12', '2025-01-11 04:41:34', '2025-01-11 04:41:35', '2025-01-11 04:41:35'),
('7669b5de-fc64-40d2-a01b-dc88417acc5e', 'd6f53ce8-aa3f-4be6-8972-8938465ab7ea', '[]', 0, 'USD', '', '12', '2025-01-06 10:50:26', '2025-01-06 10:50:26', '2025-01-06 10:50:26'),
('7d72090b-e3d5-4e19-8bb5-0716ac0de814', 'e20d0f78-7e06-44f7-a099-0ec5f7c6976d', '[\"1\", \"2\", \"3\", \"6\"]', 3299.96, 'USD', 'Wireless Headphones, Smartphone, Laptop, Tablet', '12', '2024-12-16 17:42:04', '2024-12-16 17:42:04', '2024-12-16 17:42:04'),
('87702a68-7a85-44e5-a16f-2a02a8f5a21c', 'b7c07ead-c3a2-44f8-aab8-4696060af004', '[]', 0, 'USD', '', '12', '2025-01-07 16:27:59', '2025-01-07 16:27:59', '2025-01-07 16:27:59'),
('88fee94e-ea24-4fd3-9311-42a933804648', 'd6f53ce8-aa3f-4be6-8972-8938465ab7ea', '[\"1\"]', 199.99, 'USD', 'Wireless Headphones', '12', '2025-01-06 11:57:20', '2025-01-06 11:57:20', '2025-01-06 11:57:20'),
('8e506603-9f11-4d2f-b256-ced92d92867f', 'ac61da74-e56d-49a7-975a-f50f9ab7ed0f', '[]', 0, 'USD', '', '12', '2024-12-16 16:38:40', '2024-12-16 16:38:40', '2024-12-16 16:38:40'),
('968dfe33-177d-41f4-a86f-39cd4b5d5d15', 'd6f53ce8-aa3f-4be6-8972-8938465ab7ea', '[]', 0, 'USD', '', '12', '2025-01-06 08:23:42', '2025-01-06 08:23:42', '2025-01-06 08:23:42'),
('9946a69d-da26-4e30-8ec8-fcfd85eeffad', 'e23790d3-51d3-49f4-b98a-c5a06491ba67', '[]', 0, 'USD', '', '12', '2025-01-08 11:27:01', '2025-01-08 11:27:01', '2025-01-08 11:27:01'),
('9f39323f-d6d9-404d-a327-bb056134f9c2', '1bf0be94-dc0d-4564-9fa7-05beb408f5a5', '[\"2\"]', 999.99, 'USD', 'Smartphone', '12', '2025-01-08 15:05:30', '2025-01-08 15:05:30', '2025-01-08 15:05:30'),
('a170a44c-8ee6-412a-9b73-a5f86c99c978', 'b7c07ead-c3a2-44f8-aab8-4696060af004', '[]', 0, 'USD', '', '12', '2025-01-07 13:07:52', '2025-01-07 13:07:52', '2025-01-07 13:07:52'),
('ab4e2202-e594-4b50-ae01-18187eb01de8', '293baeba-831b-43b2-a273-caca0ccf5dca', '[\"1\"]', 199.99, 'USD', 'Wireless Headphones', '12', '2025-01-06 12:14:33', '2025-01-06 12:14:33', '2025-01-06 12:14:33'),
('abff390a-6116-42c2-8950-43acb9c421c2', 'd9f20c1f-3f44-4f64-a7fa-f80844a0bca4', '[\"3\"]', 1499.99, 'USD', 'Laptop', '12', '2024-12-18 13:31:14', '2024-12-18 13:31:14', '2024-12-18 13:31:14'),
('b3150dbc-2b8a-421a-b241-9b2aaeb44afc', 'd6f53ce8-aa3f-4be6-8972-8938465ab7ea', '[\"3\"]', 1499.99, 'USD', 'Laptop', '12', '2025-01-06 08:19:03', '2025-01-06 08:19:03', '2025-01-06 08:19:03'),
('bbd90489-9cc4-454a-aa41-45b2d067d687', 'd6f53ce8-aa3f-4be6-8972-8938465ab7ea', '[\"3\", \"6\", \"5\", \"1\"]', 2599.95, 'USD', 'Laptop, Tablet, Wireless Earbuds, Wireless Headphones', '12', '2025-01-06 08:23:41', '2025-01-06 08:23:41', '2025-01-06 08:23:41'),
('c04c93a4-261d-49e6-8bf7-66987a7dba74', '1bf0be94-dc0d-4564-9fa7-05beb408f5a5', '[]', 0, 'USD', '', '12', '2025-01-11 04:27:12', '2025-01-11 04:27:12', '2025-01-11 04:27:12'),
('cb16f8c6-919d-428f-8b0b-48a57c5ba921', '067a32a6-ad28-4b4e-8ebf-7791392e0f1b', '[\"3\"]', 1499.99, 'USD', 'Laptop', '12', '2024-12-16 17:14:13', '2024-12-16 17:14:13', '2024-12-16 17:14:13'),
('d0ebd962-fc0b-45e7-81f0-5197fceaa5d1', 'd6f53ce8-aa3f-4be6-8972-8938465ab7ea', '[]', 0, 'USD', '', '12', '2025-01-06 08:19:05', '2025-01-06 08:19:05', '2025-01-06 08:19:05'),
('d27a5321-cfae-4c50-a9f8-75cc38d8c93d', 'b7c07ead-c3a2-44f8-aab8-4696060af004', '[\"3\"]', 1499.99, 'USD', 'Laptop', '12', '2025-01-07 16:27:58', '2025-01-07 16:27:58', '2025-01-07 16:27:58'),
('d5d0ab70-e0d1-44e2-8d9f-cd79bb5ba296', '1bf0be94-dc0d-4564-9fa7-05beb408f5a5', '[]', 0, 'USD', '', '12', '2025-01-11 04:20:45', '2025-01-11 04:20:46', '2025-01-11 04:20:46'),
('d9a8f442-904b-4d2d-9d52-c4ee0933cf2a', 'c77c944f-b66a-4633-9dad-4c35e4de8ace', '[\"3\", \"2\", \"1\", \"4\", \"5\", \"6\"]', 4349.91, 'USD', 'Laptop, Smartphone, Wireless Headphones, Smartwatch, Wireless Earbuds, Tablet', '12', '2024-12-18 12:54:29', '2024-12-18 12:54:29', '2024-12-18 12:54:29'),
('e0a1353b-a842-4509-9e8f-94271592aa4f', 'e23790d3-51d3-49f4-b98a-c5a06491ba67', '[\"3\"]', 1499.99, 'USD', 'Laptop', '12', '2025-01-08 11:26:59', '2025-01-08 11:26:58', '2025-01-08 11:26:58'),
('e1f823fc-dc9d-4d68-95a5-8659b722eda9', 'd6f53ce8-aa3f-4be6-8972-8938465ab7ea', '[\"2\"]', 999.99, 'USD', 'Smartphone', '12', '2025-01-06 10:50:25', '2025-01-06 10:50:25', '2025-01-06 10:50:25'),
('f475d205-350a-434a-aafa-c47478866802', '1bf0be94-dc0d-4564-9fa7-05beb408f5a5', '[\"1\"]', 199.99, 'USD', 'Wireless Headphones', '12', '2025-01-11 04:20:44', '2025-01-11 04:20:44', '2025-01-11 04:20:44');

-- --------------------------------------------------------

--
-- Table structure for table `query_feedback`
--

CREATE TABLE `query_feedback` (
  `auto_id` bigint NOT NULL,
  `question` text NOT NULL,
  `sql_query` text NOT NULL,
  `feedback` tinyint(1) NOT NULL,
  `created_at` timestamp NULL DEFAULT CURRENT_TIMESTAMP
) ENGINE=InnoDB DEFAULT CHARSET=utf8mb4 COLLATE=utf8mb4_0900_ai_ci;

--
-- Dumping data for table `query_feedback`
--

INSERT INTO `query_feedback` (`auto_id`, `question`, `sql_query`, `feedback`, `created_at`) VALUES
(1, 'What is the best performing product in terms of revenue', 'SELECT productName, SUM(cartValue) AS totalRevenue\nFROM proceed_to_payment\nGROUP BY productName\nORDER BY totalRevenue DESC\nLIMIT 1;', 1, '2025-01-27 14:14:17'),
(2, 'What is the best performing product in terms of revenue', 'SELECT productName, SUM(cartValue) AS totalRevenue\nFROM proceed_to_payment\nGROUP BY productName\nORDER BY totalRevenue DESC\nLIMIT 1;', 1, '2025-01-27 14:15:32'),
(3, 'What is the worst performing product in terms of revenue', 'SELECT productId, SUM(cartValue) AS totalRevenue\nFROM proceed_to_payment\nGROUP BY productId\nORDER BY totalRevenue ASC\nLIMIT 1;', 0, '2025-01-27 16:08:31'),
(4, 'which source has got me', 'SELECT utm_source, COUNT(*) AS source_count\nFROM sessions\nGROUP BY utm_source\nORDER BY source_count DESC;', 1, '2025-01-27 16:11:08'),
(5, 'which source has got me the most money', 'SELECT utm_source, SUM(conversionValue) AS totalRevenue\nFROM conversions\nJOIN sessions ON conversions.sessionId = sessions.id\nGROUP BY utm_source\nORDER BY totalRevenue DESC\nLIMIT 1;', 1, '2025-01-27 16:12:14'),
(6, 'What is the best performing product in terms of revenue', 'SELECT productName, SUM(cartValue) AS totalRevenue\nFROM proceed_to_payment\nGROUP BY productName\nORDER BY totalRevenue DESC\nLIMIT 1;', 1, '2025-01-28 12:52:59'),
(7, 'What is the worst performing product in terms of revenue', 'SELECT productId, SUM(cartValue) AS totalRevenue\nFROM proceed_to_payment\nGROUP BY productId\nORDER BY totalRevenue ASC\nLIMIT 1;', 0, '2025-01-28 12:53:23'),
(8, 'which source has got me the most money', 'SELECT utm_source, SUM(conversionValue) AS totalRevenue\nFROM conversions\nJOIN sessions ON conversions.sessionId = sessions.id\nGROUP BY utm_source\nORDER BY totalRevenue DESC\nLIMIT 1;', 1, '2025-01-28 12:56:08'),
(9, 'which source has got me the least money', 'SELECT utm_source, SUM(conversionValue) AS totalRevenue\nFROM conversions\nGROUP BY utm_source\nORDER BY totalRevenue ASC\nLIMIT 1;', 0, '2025-01-28 12:56:28'),
(10, 'which source has got me the least money', 'SELECT utm_source, SUM(conversionValue) AS totalRevenue\nFROM conversions\nGROUP BY utm_source\nORDER BY totalRevenue ASC\nLIMIT 1;', 0, '2025-01-28 12:57:48'),
(11, 'which source has got me the least money', 'SELECT utm_source, SUM(conversionValue) AS totalRevenue\nFROM conversions\nGROUP BY utm_source\nORDER BY totalRevenue ASC\nLIMIT 1;', 0, '2025-01-28 13:37:31'),
(12, 'how many items didn\'t make t from cart to checkout', 'SELECT COUNT(*) AS items_not_made_checkout\nFROM add_to_cart a\nLEFT JOIN proceed_to_checkout p ON a.sessionId = p.sessionId AND FIND_IN_SET(a.productId, p.productIds) > 0\nWHERE p.id IS NULL;', 1, '2025-01-28 13:42:18'),
(13, 'how many items didn\'t make t from cart to checkout', 'SELECT COUNT(*) AS items_not_made_checkout\nFROM add_to_cart a\nLEFT JOIN proceed_to_checkout p ON a.sessionId = p.sessionId AND a.productId = ANY(p.productIds)\nWHERE p.id IS NULL;', 0, '2025-01-28 13:56:16'),
(14, 'how many items didn\'t make t from cart to checkout', 'SELECT COUNT(*) AS items_not_made_checkout\nFROM add_to_cart a\nLEFT JOIN proceed_to_checkout p ON a.sessionId = p.sessionId AND a.productId = ANY(p.productIds)\nWHERE p.id IS NULL;', 0, '2025-01-28 14:02:09'),
(15, 'how many items didn\'t make t from cart to checkout', 'SELECT COUNT(*) AS items_not_made_checkout\nFROM add_to_cart a\nLEFT JOIN proceed_to_checkout p ON a.sessionId = p.sessionId AND FIND_IN_SET(a.productId, p.productIds) > 0\nWHERE p.id IS NULL;', 1, '2025-01-28 14:19:37'),
(16, 'how many items didn\'t make t from cart to payment', 'SELECT COUNT(*) AS items_not_made_to_payment\nFROM add_to_cart a\nWHERE NOT EXISTS (\n    SELECT 1\n    FROM proceed_to_payment p\n    WHERE a.sessionId = p.sessionId AND FIND_IN_SET(a.productId, p.productIds)\n);', 1, '2025-01-28 14:23:42'),
(17, 'how many items didn\'t make t from cart to payment', 'SELECT COUNT(*) AS items_not_made_payment\nFROM add_to_cart a\nLEFT JOIN proceed_to_checkout p ON a.sessionId = p.sessionId AND FIND_IN_SET(a.productId, p.productIds) > 0\nLEFT JOIN proceed_to_payment pp ON a.sessionId = pp.sessionId AND FIND_IN_SET(a.productId, pp.productIds) > 0\nWHERE pp.id IS NULL;', 0, '2025-01-28 14:28:53'),
(18, 'how many items didn\'t make t from cart to payment', 'SELECT COUNT(*) AS items_not_made_ssas\nFROM add_to_cart a\nLEFT JOIN proceed_to_payment p ON a.sessionId = p.sessionId AND a.productId = ANY(p.productIds)\nWHERE p.id IS NULL;', 0, '2025-01-28 14:32:00'),
(19, 'What is the bounce rate?', 'SELECT \n    COUNT(CASE WHEN exitPage IS NULL THEN 1 END) * 100.0 / COUNT(*) AS bounce_rate\nFROM \n    sessions;', 1, '2025-01-28 14:33:51'),
(20, 'What is the bounce rate?', 'SELECT \n    COUNT(CASE WHEN exitPage IS NULL THEN 1 END) * 100.0 / COUNT(*) AS bounce_rate\nFROM \n    add_to_checkout;', 0, '2025-01-28 14:34:13'),
(21, 'how many sessions are present on the DB', 'SELECT COUNT(*) AS total_sessions FROM sessions;', 1, '2025-01-29 14:02:50'),
(22, 'How many users came to my website using the campaign name 	 sdk_validation', 'SELECT COUNT(DISTINCT s.userId) AS user_count\nFROM sessions s\nWHERE s.utm_campaign_name = \'sdk_validation\';', 0, '2025-01-29 14:05:04'),
(23, 'did I get any conversions yesterday', 'SELECT * FROM conversions \nWHERE timestamp >= CURRENT_DATE - INTERVAL \'1 day\' \nAND timestamp < CURRENT_DATE;', 0, '2025-01-29 14:06:42'),
(24, 'did I get any conversions yesterday', 'SELECT * FROM conversions \nWHERE timestamp >= CURDATE() - INTERVAL 1 DAY \nAND timestamp < CURDATE();', 0, '2025-01-29 14:06:48'),
(25, 'whats the average order value', 'SELECT AVG(cartValue) AS average_order_value\nFROM proceed_to_payment;', 1, '2025-01-29 14:08:10'),
(26, 'who brought the most products from the website', 'SELECT userId, COUNT(*) AS product_count\nFROM proceed_to_payment\nGROUP BY userId\nORDER BY product_count DESC\nLIMIT 1;', 1, '2025-01-29 14:08:53'),
(27, 'give me asummary of all my ad campaigns', 'SELECT \n    utm_campaign_name, \n    COUNT(*) AS total_sessions, \n    SUM(timeSpent) AS total_time_spent, \n    COUNT(DISTINCT userId) AS unique_users \nFROM \n    sessions \nWHERE \n    utm_campaign_name IS NOT NULL \nGROUP BY \n    utm_campaign_name \nORDER BY \n    total_sessions DESC;', 0, '2025-01-29 14:09:56'),
(28, 'What is the worst performing product in terms of revenue', 'SELECT productIds, SUM(cartValue) AS totalRevenue\nFROM proceed_to_payment\nGROUP BY productIds\nORDER BY totalRevenue ASC\nLIMIT 1;', 0, '2025-02-01 08:49:18'),
(29, 'What is the worst performing product in terms of revenue', 'SELECT productName, SUM(cartValue) AS totalRevenue\nFROM proceed_to_payment\nGROUP BY productName\nORDER BY totalRevenue ASC\nLIMIT 1;', 1, '2025-02-01 08:50:15'),
(30, 'give me asummary of all my ad campaigns', 'SELECT utm_campaign_name, COUNT(*) AS session_count, SUM(timeSpent) AS total_time_spent\nFROM sessions\nGROUP BY utm_campaign_name;', 1, '2025-02-01 09:09:35'),
(31, 'give me asummary of all my ad campaigns', 'SELECT DISTINCT utm_campaign_name, utm_source, utm_medium\nFROM sessions\nWHERE utm_campaign_name IS NOT NULL\nAND utm_source IS NOT NULL\nAND utm_medium IS NOT NULL;', 0, '2025-02-01 09:12:30'),
(32, 'give me asummary of all my ad campaigns', 'SELECT \n    utm_campaign_name, \n    utm_campaign_id, \n    COUNT(DISTINCT trackingId) AS unique_users, \n    COUNT(id) AS total_sessions, \n    SUM(timeSpent) AS total_time_spent, \n    COUNT(DISTINCT CASE WHEN signup.id IS NOT NULL THEN signup.userId END) AS signups, \n    COUNT(DISTINCT CASE WHEN conversions.id IS NOT NULL THEN conversions.id END) AS conversions, \n    SUM(conversions.conversionValue) AS total_conversion_value \nFROM \n    sessions \nLEFT JOIN \n    signup ON sessions.id = signup.sessionId \nLEFT JOIN \n    conversions ON sessions.id = conversions.sessionId \nGROUP BY \n    utm_campaign_name, \n    utm_campaign_id;', 0, '2025-02-01 09:17:18'),
(33, 'give me asummary of all my ad campaigns', 'SELECT \n    utm_campaign_name, \n    COUNT(DISTINCT trackingId) AS total_users, \n    COUNT(DISTINCT sessionId) AS total_sessions, \n    SUM(timeSpent) AS total_time_spent, \n    COUNT(DISTINCT userId) AS total_signups\nFROM \n    sessions\nLEFT JOIN \n    signup ON sessions.id = signup.sessionId\nGROUP BY \n    utm_campaign_name;', 1, '2025-02-01 09:22:32'),
(34, 'what is my best performing campaign', 'SELECT utm_campaign_name, COUNT(*) AS total_sessions\nFROM sessions\nGROUP BY utm_campaign_name\nORDER BY total_sessions DESC\nLIMIT 1;', 1, '2025-02-01 10:08:13'),
(35, 'how many products are sold last month', 'SELECT COUNT(*) AS total_products_sold\nFROM proceed_to_payment\nWHERE timestamp >= DATE_TRUNC(\'month\', CURRENT_DATE - INTERVAL \'1 month\') \nAND timestamp < DATE_TRUNC(\'month\', CURRENT_DATE);', 0, '2025-02-04 02:49:55'),
(36, 'how many products were added to cart ysterday?', 'SELECT COUNT(*) AS products_added_to_cart\nFROM add_to_cart\nWHERE DATE(timestamp) = CURDATE() - INTERVAL 1 DAY;', 1, '2025-02-04 02:50:57'),
(37, 'how many products were added to cart last week', 'SELECT COUNT(*) AS products_added_to_cart\nFROM add_to_cart\nWHERE timestamp >= NOW() - INTERVAL 7 DAY;', 1, '2025-02-04 02:51:30'),
(38, 'how many people added products to cart last month', 'SELECT COUNT(DISTINCT userId) AS total_users_added_to_cart\nFROM add_to_cart\nWHERE timestamp >= DATE_TRUNC(\'month\', CURRENT_DATE - INTERVAL \'1 month\') \n  AND timestamp < DATE_TRUNC(\'month\', CURRENT_DATE);', 0, '2025-02-04 02:53:06'),
(39, 'which is the most popular product on our site', 'SELECT productName, COUNT(*) AS popularity\nFROM add_to_cart\nGROUP BY productName\nORDER BY popularity DESC\nLIMIT 1;', 1, '2025-02-04 02:54:38'),
(40, 'how many smartphones have we sold till date', 'SELECT COUNT(*) AS total_smartphones_sold\nFROM proceed_to_payment\nWHERE productName LIKE \'%smartphone%\';', 1, '2025-02-04 02:55:18'),
(41, 'what are people searching for on the website', 'SELECT searchTerm, COUNT(*) AS search_count\nFROM search_bar\nGROUP BY searchTerm\nORDER BY search_count DESC;', 1, '2025-02-04 02:56:26'),
(42, 'how many people visited the website till date', 'SELECT COUNT(DISTINCT trackingId) AS total_visitors FROM sessions;', 1, '2025-02-04 02:57:19'),
(43, 'which campaign brought the most users to the website', 'SELECT utm_campaign_name, COUNT(DISTINCT userId) AS user_count\nFROM sessions\nGROUP BY utm_campaign_name\nORDER BY user_count DESC\nLIMIT 1;', 0, '2025-02-04 02:59:33');

-- --------------------------------------------------------

--
-- Table structure for table `search_bar`
--

CREATE TABLE `search_bar` (
  `id` char(36) CHARACTER SET utf8mb4 COLLATE utf8mb4_bin NOT NULL,
  `sessionId` char(36) CHARACTER SET utf8mb4 COLLATE utf8mb4_bin NOT NULL,
  `userId` varchar(255) NOT NULL,
  `searchTerm` varchar(255) NOT NULL,
  `timestamp` datetime NOT NULL,
  `createdAt` datetime NOT NULL,
  `updatedAt` datetime NOT NULL
) ENGINE=InnoDB DEFAULT CHARSET=utf8mb4 COLLATE=utf8mb4_0900_ai_ci;

--
-- Dumping data for table `search_bar`
--

INSERT INTO `search_bar` (`id`, `sessionId`, `userId`, `searchTerm`, `timestamp`, `createdAt`, `updatedAt`) VALUES
('a7f2da95-5548-43e8-a208-a7c27c807fb7', 'e3c2c0cf-9349-458e-b18d-a3c302ca1b86', '12', 'test', '2025-01-06 15:46:59', '2025-01-06 15:48:25', '2025-01-06 15:48:25');

-- --------------------------------------------------------

--
-- Table structure for table `SequelizeMeta`
--

CREATE TABLE `SequelizeMeta` (
  `name` varchar(255) CHARACTER SET utf8mb3 COLLATE utf8mb3_unicode_ci NOT NULL
) ENGINE=InnoDB DEFAULT CHARSET=utf8mb3 COLLATE=utf8mb3_unicode_ci;

--
-- Dumping data for table `SequelizeMeta`
--

INSERT INTO `SequelizeMeta` (`name`) VALUES
('20241213185017-create-click-table.js'),
('20241216083453-add_to_cart.js'),
('20241216083538-proceed_to_checkout.js'),
('20241216083615-proceed_to_payment.js'),
('20241216083638-feature_products.js'),
('20241216083800-header_navigation.js'),
('20241216083822-search_bar.js'),
('20241216083850-add_to_favourites.js'),
('20241216083920-sign_up.js'),
('20241217065119-add_device_and_location_fields_to_sessions.js');

-- --------------------------------------------------------

--
-- Table structure for table `sessions`
--

CREATE TABLE `sessions` (
  `id` char(36) CHARACTER SET utf8mb4 COLLATE utf8mb4_bin NOT NULL,
  `trackingId` varchar(255) NOT NULL,
  `entryPage` varchar(255) NOT NULL,
  `exitPage` varchar(255) DEFAULT NULL,
  `timeSpent` int NOT NULL DEFAULT '0',
  `utm_source` varchar(255) DEFAULT NULL,
  `utm_medium` varchar(255) DEFAULT NULL,
  `utm_campaign_name` varchar(255) DEFAULT NULL,
  `utm_campaign_id` varchar(255) DEFAULT NULL,
  `utm_term` varchar(255) DEFAULT NULL,
  `utm_content` varchar(255) DEFAULT NULL,
  `createdAt` datetime NOT NULL,
  `updatedAt` datetime NOT NULL,
  `os` varchar(255) DEFAULT NULL,
  `device` varchar(255) DEFAULT NULL,
  `browser` varchar(255) DEFAULT NULL,
  `longitude` float DEFAULT NULL,
  `latitude` float DEFAULT NULL,
  `city` varchar(255) DEFAULT NULL,
  `country` varchar(255) DEFAULT NULL
) ENGINE=InnoDB DEFAULT CHARSET=utf8mb4 COLLATE=utf8mb4_0900_ai_ci;

--
-- Dumping data for table `sessions`
--

INSERT INTO `sessions` (`id`, `trackingId`, `entryPage`, `exitPage`, `timeSpent`, `utm_source`, `utm_medium`, `utm_campaign_name`, `utm_campaign_id`, `utm_term`, `utm_content`, `createdAt`, `updatedAt`, `os`, `device`, `browser`, `longitude`, `latitude`, `city`, `country`) VALUES
('0275008d-73bd-4ec3-9512-c44b26ea3b2c', '1733142872470-q0o2f7x57', '/public/index.html', '/public/index.html', 0, 'sanjay', 'sdk_test', 'sdk_validation', 'test123', 'analytics', 'button', '2024-12-02 12:34:39', '2024-12-02 12:34:39', NULL, NULL, NULL, NULL, NULL, NULL, NULL),
('05bbd6af-23c4-42fb-93e2-37570b0b3fae', 'test123', '/public/', NULL, 0, 'google', 'cpc', 'holiday_sale', '12345', 'shoes', 'ad1', '2024-12-04 18:59:16', '2024-12-04 18:59:16', NULL, NULL, NULL, NULL, NULL, NULL, NULL),
('067a32a6-ad28-4b4e-8ebf-7791392e0f1b', 'test121124', '/', NULL, 0, 'google', 'cpc', 'holiday_sale', '12345', 'discount', 'ad1', '2024-12-16 17:13:37', '2024-12-16 17:13:37', NULL, NULL, NULL, NULL, NULL, NULL, NULL),
('09a925d6-534c-4556-99c3-84ee137cb188', 'test123', '/public/', NULL, 0, 'google', 'cpc', 'holiday_sale', '12345', 'shoes', 'ad1', '2024-12-04 18:06:19', '2024-12-04 18:06:19', NULL, NULL, NULL, NULL, NULL, NULL, NULL),
('0ad0fbe4-6558-4b11-a61e-362555fa1b60', 'test121124', '', NULL, 0, NULL, NULL, NULL, NULL, NULL, NULL, '2025-01-13 15:03:40', '2025-01-13 15:03:40', 'iOS', 'tablet', 'Safari 16', NULL, NULL, NULL, NULL),
('0b8b4fbd-42ee-4e7e-bb2e-b74129992a41', 'test123', '/', NULL, 0, NULL, NULL, NULL, NULL, NULL, NULL, '2024-12-07 09:53:08', '2024-12-07 09:53:08', NULL, NULL, NULL, NULL, NULL, NULL, NULL),
('0e5dad71-91d4-4238-bd1c-6ab7c75b2d3b', 'test123', '/', NULL, 0, 'yoogle', 'cpc', 'summer_sale', '12345', 'shoes', 'banner_ad', '2024-12-07 13:57:26', '2024-12-07 13:57:26', NULL, NULL, NULL, NULL, NULL, NULL, NULL),
('0eca3fba-485d-4ea1-92b8-97041cb8e401', 'test123', '/public/', NULL, 0, 'google', 'cpc', 'holiday_sale', '12345', 'shoes', 'ad1', '2024-12-04 18:35:51', '2024-12-04 18:35:51', NULL, NULL, NULL, NULL, NULL, NULL, NULL),
('13f8bc06-1311-42e8-bd1f-94b443ccc34b', 'test123', '/public/', NULL, 0, 'google', 'cpc', 'holiday_sale', '12345', 'shoes', 'ad1', '2024-12-04 18:29:31', '2024-12-04 18:29:31', NULL, NULL, NULL, NULL, NULL, NULL, NULL),
('166cc180-592a-4555-b47e-1043c104fdec', 'test121124', '', NULL, 0, NULL, NULL, NULL, NULL, NULL, NULL, '2025-01-19 17:32:38', '2025-01-19 17:32:38', 'Android', 'mobile', 'Chrome 132', NULL, NULL, NULL, NULL),
('16974d46-8374-4a67-8207-9cf313802376', 'test121124', '', NULL, 0, NULL, NULL, NULL, NULL, NULL, NULL, '2025-01-08 19:41:10', '2025-01-08 19:41:10', 'MacOS', 'desktop', 'Chrome 131', NULL, NULL, NULL, NULL),
('1b23628e-8414-47e6-9058-bb35838a0be8', 'test121124', '', NULL, 0, NULL, NULL, NULL, NULL, NULL, NULL, '2025-01-13 15:02:09', '2025-01-13 15:02:09', 'Windows', 'desktop', 'Chrome 131', NULL, NULL, NULL, NULL),
('1b6b5ee6-5e03-4f27-b773-75cdf0fd46c3', 'test123', '/subscriptions', NULL, 0, NULL, NULL, NULL, NULL, NULL, NULL, '2024-12-08 09:20:03', '2024-12-08 09:20:03', NULL, NULL, NULL, NULL, NULL, NULL, NULL),
('1bf0be94-dc0d-4564-9fa7-05beb408f5a5', 'test121124', '', NULL, 0, NULL, NULL, NULL, NULL, NULL, NULL, '2025-01-08 08:24:28', '2025-01-08 08:24:28', 'MacOS', 'desktop', 'Chrome 131', NULL, NULL, NULL, NULL),
('1c28900b-e401-4ab4-baa0-fada4a75a5cb', 'test121124', '', NULL, 0, NULL, NULL, NULL, NULL, NULL, NULL, '2025-01-13 17:13:00', '2025-01-13 17:13:00', 'Windows', 'desktop', 'Chrome 131', NULL, NULL, NULL, NULL),
('22c5c272-7ff3-4c0b-844a-3b5e5bc9f855', 'test121124', '', NULL, 0, NULL, NULL, NULL, NULL, NULL, NULL, '2025-01-13 17:08:23', '2025-01-13 17:08:23', 'Android', 'mobile', 'Chrome 131', NULL, NULL, NULL, NULL),
('236abf60-3a4f-4f4d-8a38-9b096f35e3fd', '1733142872470-q0o2f7x57', '/public/index.html', '/public/index.html', 0, 'sanjay', 'sdk_test', 'sdk_validation', 'test123', 'analytics', 'button', '2024-12-02 12:34:44', '2024-12-02 12:34:44', NULL, NULL, NULL, NULL, NULL, NULL, NULL),
('239654bb-55f3-4433-bfcb-e04f89e59cc9', '1733142872470-q0o2f7x57', '/public/index.html', '/public/index.html', 0, 'sanjay', 'sdk_test', 'sdk_validation', 'test123', 'analytics', 'button', '2024-12-02 12:34:47', '2024-12-02 12:34:47', NULL, NULL, NULL, NULL, NULL, NULL, NULL),
('246bab03-7051-40b7-9f57-33d57b9a5dbc', 'test123', '/', NULL, 0, 'yoogle', 'cpc', 'summer_sale', '12345', 'shoes', 'banner_ad', '2024-12-07 13:52:05', '2024-12-07 13:52:05', NULL, NULL, NULL, NULL, NULL, NULL, NULL),
('293baeba-831b-43b2-a273-caca0ccf5dca', 'test121124', 'http://localhost:3001/', NULL, 0, NULL, NULL, NULL, NULL, NULL, NULL, '2025-01-06 12:14:18', '2025-01-06 12:14:18', 'Android', 'mobile', 'Chrome 131', NULL, NULL, NULL, NULL),
('29e0c6fd-245f-4397-b4e6-f9ef1232cc05', 'test123', '/public/', NULL, 0, 'google', 'cpc', 'holiday_sale', '12345', 'shoes', 'ad1', '2024-12-04 18:06:16', '2024-12-04 18:06:16', NULL, NULL, NULL, NULL, NULL, NULL, NULL),
('2a8d4362-b4ba-4b16-b43a-8398270d802b', 'test123', '/public/', NULL, 0, 'google', 'cpc', 'holiday_sale', '12345', 'shoes', 'ad1', '2024-12-04 18:06:52', '2024-12-04 18:06:52', NULL, NULL, NULL, NULL, NULL, NULL, NULL),
('32139765-c17e-456a-9ff0-c6f83e6567b2', 'test123', '/public/', NULL, 0, 'google', 'cpc', 'holiday_sale', '12345', 'shoes', 'ad1', '2024-12-04 18:12:22', '2024-12-04 18:12:22', NULL, NULL, NULL, NULL, NULL, NULL, NULL),
('36c96f0d-b700-4f2e-a5dc-1978c0667d88', 'test123', '/subscriptions', NULL, 0, 'vidfin', 'cpc', 'winter_sale', '12345', 'snow_boots', 'ad_banner', '2024-12-08 09:21:12', '2024-12-08 09:21:12', NULL, NULL, NULL, NULL, NULL, NULL, NULL),
('37d2938a-2dc9-4298-937b-57e281830eac', 'test123', '/public/', NULL, 0, 'google', 'cpc', 'holiday_sale', '12345', 'shoes', 'ad1', '2024-12-04 18:27:28', '2024-12-04 18:27:28', NULL, NULL, NULL, NULL, NULL, NULL, NULL),
('37e7cab4-aeee-4ab2-927f-cd10701f6258', 'test121124', '', NULL, 0, NULL, NULL, NULL, NULL, NULL, NULL, '2025-01-19 17:26:28', '2025-01-19 17:26:28', 'Android', 'mobile', 'Chrome 132', NULL, NULL, NULL, NULL),
('3c144a9c-e041-4b3d-8fa5-0e9ada6dae02', 'd3b62464-79a6-444d-9e7e-ba5243306bd3', '', NULL, 0, 'google', 'cpc', NULL, '12345', 'discount', 'ad1', '2025-01-04 15:47:58', '2025-01-04 15:47:58', 'Android', 'mobile', 'Chrome 131', NULL, NULL, NULL, NULL),
('3ce66ebc-1383-411e-9028-206c305dec49', 'test121124', '', NULL, 0, NULL, NULL, NULL, NULL, NULL, NULL, '2025-01-08 08:21:56', '2025-01-08 08:21:56', 'Windows', 'desktop', 'Chrome 131', NULL, NULL, NULL, NULL),
('3eae4518-5608-4312-a8eb-15cbcd3d051b', 'test123', '/public/', NULL, 0, 'google', 'cpc', 'holiday_sale', '12345', 'shoes', 'ad1', '2024-12-04 18:42:32', '2024-12-04 18:42:32', NULL, NULL, NULL, NULL, NULL, NULL, NULL),
('3ec10551-a3a1-45ac-bd9a-7c35c1a64db9', 'aafdf0d3-adce-441c-8b7a-e98d54f327e5', '', NULL, 0, 'google', 'cpc', NULL, '12345', 'discount', 'ad1', '2025-01-04 15:47:56', '2025-01-04 15:47:56', 'Windows', 'desktop', 'Chrome 131', NULL, NULL, NULL, NULL),
('4049fc36-ddc9-4530-ae83-e79d9cc33e6f', 'test123', '/', NULL, 0, NULL, NULL, NULL, NULL, NULL, NULL, '2024-12-07 10:00:03', '2024-12-07 10:00:03', NULL, NULL, NULL, NULL, NULL, NULL, NULL),
('4200d32b-cf64-40e8-8fe9-c900b78c4eab', '1733079703494-1plqndkmz', '/public/', NULL, 0, NULL, NULL, NULL, NULL, NULL, NULL, '2024-12-01 19:01:45', '2024-12-01 19:01:45', NULL, NULL, NULL, NULL, NULL, NULL, NULL),
('43b26b45-dfe0-4560-944c-9ed0feda2306', 'test121124', '/', NULL, 0, NULL, NULL, NULL, NULL, NULL, NULL, '2024-12-16 14:19:58', '2024-12-16 14:19:58', NULL, NULL, NULL, NULL, NULL, NULL, NULL),
('447cb51f-a793-4a23-a72a-3441d1e9aeaa', 'test123', '/public/', NULL, 0, 'google', 'cpc', 'holiday_sale', '12345', 'shoes', 'ad1', '2024-12-04 18:35:43', '2024-12-04 18:35:43', NULL, NULL, NULL, NULL, NULL, NULL, NULL),
('45e7101b-de71-4425-b852-1f4349df39d3', 'test123', '/public/', NULL, 0, 'google', 'cpc', 'holiday_sale', '12345', 'shoes', 'ad1', '2024-12-04 18:14:33', '2024-12-04 18:14:33', NULL, NULL, NULL, NULL, NULL, NULL, NULL),
('46061dea-e1f1-4505-86ab-8cfb24d772cd', 'test123', '/public/', NULL, 0, 'google', 'cpc', 'holiday_sale', '12345', 'shoes', 'ad1', '2024-12-04 18:35:38', '2024-12-04 18:35:38', NULL, NULL, NULL, NULL, NULL, NULL, NULL),
('4922ab59-1bfc-46f6-8e31-7e82472eaaf7', 'test121124', '/', NULL, 0, NULL, NULL, NULL, NULL, NULL, NULL, '2024-12-13 19:27:38', '2024-12-13 19:27:38', NULL, NULL, NULL, NULL, NULL, NULL, NULL),
('4d96a921-5414-4ad2-be1c-717e034808d2', 'test121124', '/', NULL, 0, 'google', 'cpc', 'holiday_sale', '12345', 'discount', 'ad1', '2024-12-17 07:06:12', '2024-12-17 07:06:12', NULL, NULL, NULL, NULL, NULL, NULL, NULL),
('4eb620ee-8f38-4a18-bac2-5d4cfefe0c60', 'test123', '/', NULL, 0, NULL, NULL, NULL, NULL, NULL, NULL, '2024-12-07 13:43:49', '2024-12-07 13:43:49', NULL, NULL, NULL, NULL, NULL, NULL, NULL),
('4fe94a5c-f27d-4c51-bae4-00c23fdfd07e', 'f17bbd76-2937-4ef9-b27c-812201821c45', '', NULL, 0, 'google', 'cpc', NULL, '12345', 'discount', 'ad1', '2025-01-04 15:44:20', '2025-01-04 15:44:20', 'MacOS', 'desktop', 'Chrome 119', NULL, NULL, NULL, NULL),
('510bf9ba-7635-48ab-a2d2-28aa0155a63b', 'test121124', '/', NULL, 0, NULL, NULL, NULL, NULL, NULL, NULL, '2024-12-11 14:52:21', '2024-12-11 14:52:21', NULL, NULL, NULL, NULL, NULL, NULL, NULL),
('51cd2a3d-e95d-4ecd-9cef-126d82b2ff34', '1733247293009-2ucotaajf', '/public/', '/public/', 0, 'test', 'sdk_test', 'sdk_validation', 'test123', 'analytics', 'button', '2024-12-03 17:35:05', '2024-12-03 17:35:05', NULL, NULL, NULL, NULL, NULL, NULL, NULL),
('51f54c2b-fd31-4748-b3c2-cd036f7c9d7b', 'test121124', '', NULL, 0, NULL, NULL, NULL, NULL, NULL, NULL, '2025-01-13 17:06:22', '2025-01-13 17:06:22', 'MacOS', 'desktop', 'Safari 16', NULL, NULL, NULL, NULL),
('53f36b86-564c-4f57-94d5-9c1eafabede6', 'test121124', '', NULL, 0, 'google', 'cpc', NULL, '12345', 'discount', 'ad1', '2025-01-04 16:04:45', '2025-01-04 16:04:45', 'Android', 'mobile', 'Chrome 131', NULL, NULL, NULL, NULL),
('571dae31-a344-40e3-a5b4-174c5d31ec4c', '32adc0b5-c23e-4566-9f91-a7708167f870', '', NULL, 0, 'google', 'cpc', NULL, '12345', 'discount', 'ad1', '2025-01-04 15:44:30', '2025-01-04 15:44:30', 'Windows', 'desktop', 'Chrome 131', NULL, NULL, NULL, NULL),
('5892c1e0-d4ac-45ff-a548-9ed210ab5f2e', 'e246a6f9-061a-4588-92dd-e735d42866df', 'http://localhost:3001/?utm_source=google&utm_medium=cpc&utm_campaign_name=holiday_sale&utm_campaign_id=12345&utm_term=discount&utm_content=ad1', NULL, 0, 'google', 'cpc', NULL, '12345', 'discount', 'ad1', '2025-01-04 15:41:41', '2025-01-04 15:41:41', 'Android', 'mobile', 'Chrome 131', NULL, NULL, NULL, NULL),
('5ac03d9b-af64-4581-9a1a-413fe6f4034c', 'test121124', '', NULL, 0, 'google', 'cpc', NULL, '12345', 'discount', 'ad1', '2025-01-04 16:02:53', '2025-01-04 16:02:53', 'Android', 'mobile', 'Chrome 131', NULL, NULL, NULL, NULL),
('5ad589e2-44e4-4ed5-bd3d-c94686709c9b', 'test123', '/public/', NULL, 0, 'google', 'cpc', 'holiday_sale', '12345', 'shoes', 'ad1', '2024-12-04 18:36:38', '2024-12-04 18:36:38', NULL, NULL, NULL, NULL, NULL, NULL, NULL),
('5d97922d-6902-4dd2-8566-9096d8b5fc66', 'test121124', '', NULL, 0, NULL, NULL, NULL, NULL, NULL, NULL, '2025-01-13 14:57:59', '2025-01-13 14:57:59', 'MacOS', 'desktop', 'Safari 18', NULL, NULL, NULL, NULL),
('60eaf3f5-078d-44c4-8f0f-2c74692d3a57', 'test123', '/public/', NULL, 0, 'google', 'cpc', 'holiday_sale', '12345', 'shoes', 'ad1', '2024-12-04 18:07:48', '2024-12-04 18:07:48', NULL, NULL, NULL, NULL, NULL, NULL, NULL),
('63382a41-c9b2-459d-95a5-cd5ce5f725e5', 'test121124', '/', NULL, 0, NULL, NULL, NULL, NULL, NULL, NULL, '2024-12-18 12:53:29', '2024-12-18 12:53:29', NULL, NULL, NULL, NULL, NULL, NULL, NULL),
('652370e6-4fd5-4156-b9ec-8110cac8453d', 'test121124', '/', NULL, 0, NULL, NULL, NULL, NULL, NULL, NULL, '2024-12-16 13:31:31', '2024-12-16 13:31:31', NULL, NULL, NULL, NULL, NULL, NULL, NULL),
('66a1aec4-e2cc-49b2-bb40-d0b814455946', 'test123', '/subscriptions', NULL, 0, NULL, NULL, NULL, NULL, NULL, NULL, '2024-12-08 12:41:46', '2024-12-08 12:41:46', NULL, NULL, NULL, NULL, NULL, NULL, NULL),
('68bbd85f-f9ab-4230-96ca-5fb784df701e', '1733142816528-0hd4ecjbs', '/public/index.html', '/public/index.html', 0, 'sanjay', 'sdk_test', 'sdk_validation', 'test123', 'analytics', 'button', '2024-12-02 12:33:38', '2024-12-02 12:33:38', NULL, NULL, NULL, NULL, NULL, NULL, NULL),
('6c7163e8-f339-41f3-a78e-93f2828569b2', 'test121124', '/', NULL, 0, NULL, NULL, NULL, NULL, NULL, NULL, '2024-12-13 19:29:29', '2024-12-13 19:29:29', NULL, NULL, NULL, NULL, NULL, NULL, NULL),
('710da01c-72cf-4277-880d-57f6fbc211e3', 'test121124', '/', NULL, 0, NULL, NULL, NULL, NULL, NULL, NULL, '2024-12-16 11:57:01', '2024-12-16 11:57:01', NULL, NULL, NULL, NULL, NULL, NULL, NULL),
('7414faf2-6620-4db4-bbd2-309f84c2fac9', 'test121124', '/', NULL, 0, NULL, NULL, NULL, NULL, NULL, NULL, '2024-12-17 06:21:17', '2024-12-17 06:21:17', NULL, NULL, NULL, NULL, NULL, NULL, NULL),
('76f2aa28-0f0a-49e9-9f4e-aa17348a29de', 'test121124', '', NULL, 0, NULL, NULL, NULL, NULL, NULL, NULL, '2025-01-13 15:01:22', '2025-01-13 15:01:22', 'Android', 'mobile', 'Chrome 131', NULL, NULL, NULL, NULL),
('7a9f4d8f-e98f-496f-83ec-8576d1af8669', 'test123', '/public/', NULL, 0, 'google', 'cpc', 'holiday_sale', '12345', 'shoes', 'ad1', '2024-12-04 18:12:20', '2024-12-04 18:12:20', NULL, NULL, NULL, NULL, NULL, NULL, NULL),
('7cf4ff7c-f0e4-4333-b06c-04b31d61f9da', 'test123', '/', NULL, 0, NULL, NULL, NULL, NULL, NULL, NULL, '2024-12-11 14:37:05', '2024-12-11 14:37:05', NULL, NULL, NULL, NULL, NULL, NULL, NULL),
('7fcffbcb-9c33-467e-a913-0c5a8d671fe8', 'test121124', '', NULL, 0, 'google', 'cpc', NULL, '12345', 'discount', 'ad1', '2025-01-04 16:01:12', '2025-01-04 16:01:12', 'Android', 'mobile', 'Chrome 131', NULL, NULL, NULL, NULL),
('802d8e48-35f9-456b-b137-acd7ccf475d9', 'test121124', '', NULL, 0, NULL, NULL, NULL, NULL, NULL, NULL, '2025-01-08 11:09:29', '2025-01-08 11:09:29', 'Android', 'mobile', 'Chrome 131', NULL, NULL, NULL, NULL),
('807a1aa0-b810-4ca1-8cfc-4a5443524608', 'test123', '/public/', NULL, 0, 'google', 'cpc', 'holiday_sale', '12345', 'shoes', 'ad1', '2024-12-04 18:43:00', '2024-12-04 18:43:00', NULL, NULL, NULL, NULL, NULL, NULL, NULL),
('809dcfac-d19c-45e8-aeda-5ae4ab3e72ec', 'test123', '/public/', NULL, 0, 'google', 'cpc', 'holiday_sale', '12345', 'shoes', 'ad1', '2024-12-04 18:41:47', '2024-12-04 18:41:47', NULL, NULL, NULL, NULL, NULL, NULL, NULL),
('82dc36f7-3ced-4c76-80c2-3bafdb14eb45', 'test121124', '/', NULL, 0, NULL, NULL, NULL, NULL, NULL, NULL, '2024-12-17 06:40:18', '2024-12-17 06:40:18', NULL, NULL, NULL, NULL, NULL, NULL, NULL),
('82f84916-7b30-453d-b3ef-4292a4d4dc32', 'test123', '/public/', NULL, 0, 'google', 'cpc', 'holiday_sale', '12345', 'shoes', 'ad1', '2024-12-04 18:38:18', '2024-12-04 18:38:18', NULL, NULL, NULL, NULL, NULL, NULL, NULL),
('85759554-5208-41c5-a39e-bc06ef72868a', 'test121124', '/', NULL, 0, NULL, NULL, NULL, NULL, NULL, NULL, '2024-12-11 14:51:26', '2024-12-11 14:51:26', NULL, NULL, NULL, NULL, NULL, NULL, NULL),
('890253c9-823d-4f62-90c7-5641dd43db28', 'test123', '/', NULL, 0, NULL, NULL, NULL, NULL, NULL, NULL, '2024-12-08 08:54:45', '2024-12-08 08:54:45', NULL, NULL, NULL, NULL, NULL, NULL, NULL),
('8b69b1a5-38bd-4b10-b76a-bdfec863045e', 'test121124', '/', NULL, 0, NULL, NULL, NULL, NULL, NULL, NULL, '2024-12-16 14:07:26', '2024-12-16 14:07:26', NULL, NULL, NULL, NULL, NULL, NULL, NULL),
('8c7f1b67-273b-4d09-8b23-19ca4be4c3b5', 'test123', '/', NULL, 0, NULL, NULL, NULL, NULL, NULL, NULL, '2024-12-08 08:43:32', '2024-12-08 08:43:32', NULL, NULL, NULL, NULL, NULL, NULL, NULL),
('8dc97de3-0779-4c99-8956-67ce5704009d', 'test121124', '/', NULL, 0, NULL, NULL, NULL, NULL, NULL, NULL, '2024-12-17 07:03:34', '2024-12-17 07:03:34', NULL, NULL, NULL, NULL, NULL, NULL, NULL),
('92394e93-b07b-49d0-a4aa-32b19f753420', 'test123', '/', NULL, 0, NULL, NULL, NULL, NULL, NULL, NULL, '2024-12-07 13:49:52', '2024-12-07 13:49:52', NULL, NULL, NULL, NULL, NULL, NULL, NULL),
('973d5264-6d78-4bd8-82c9-2e7b9ae2372e', 'test123', '/public/', NULL, 0, 'google', 'cpc', 'holiday_sale', '12345', 'shoes', 'ad1', '2024-12-04 18:14:40', '2024-12-04 18:14:40', NULL, NULL, NULL, NULL, NULL, NULL, NULL),
('99b80d47-3736-4b11-af96-61f79009a6de', 'test123', '/public/', NULL, 0, 'google', 'cpc', 'holiday_sale', '12345', 'shoes', 'ad1', '2024-12-04 18:07:57', '2024-12-04 18:07:57', NULL, NULL, NULL, NULL, NULL, NULL, NULL),
('9a2a8efd-d337-4fa3-97d3-781d038d83c5', '1733079777842-xz7049g7m', '/public/', NULL, 0, 'test', 'sdk_test', 'sdk_validation', 'test123', 'analytics', 'button', '2024-12-01 19:03:00', '2024-12-01 19:03:00', NULL, NULL, NULL, NULL, NULL, NULL, NULL),
('9af600bc-8f01-4dd6-b6a6-9a18f41b8d99', 'test123', '/public/', NULL, 0, 'google', 'cpc', 'holiday_sale', '12345', 'shoes', 'ad1', '2024-12-04 18:59:57', '2024-12-04 18:59:57', NULL, NULL, NULL, NULL, NULL, NULL, NULL),
('9af7ab3d-3605-4b1c-8a2b-8da27ac9a293', 'test121124', '/', NULL, 0, NULL, NULL, NULL, NULL, NULL, NULL, '2024-12-17 06:44:54', '2024-12-17 06:44:54', NULL, NULL, NULL, NULL, NULL, NULL, NULL),
('a0714119-5e99-4d30-9a5f-167fc2c92759', 'test123', '/', NULL, 0, NULL, NULL, NULL, NULL, NULL, NULL, '2024-12-07 09:13:51', '2024-12-07 09:13:51', NULL, NULL, NULL, NULL, NULL, NULL, NULL),
('a2ffd26a-3ddb-4676-be1d-8f98fc8d498d', 'test123', '/public/', NULL, 0, 'google', 'cpc', 'holiday_sale', '12345', 'shoes', 'ad1', '2024-12-04 18:38:12', '2024-12-04 18:38:12', NULL, NULL, NULL, NULL, NULL, NULL, NULL),
('a340f498-e618-466a-abe8-ea16a96b9400', 'test123', '/public/', NULL, 0, 'google', 'cpc', 'holiday_sale', '12345', 'shoes', 'ad1', '2024-12-04 18:41:45', '2024-12-04 18:41:45', NULL, NULL, NULL, NULL, NULL, NULL, NULL),
('aa9e05b2-73ec-4049-902e-202936874f98', 'test123', '/', NULL, 0, NULL, NULL, NULL, NULL, NULL, NULL, '2024-12-07 09:59:11', '2024-12-07 09:59:11', NULL, NULL, NULL, NULL, NULL, NULL, NULL),
('ac61da74-e56d-49a7-975a-f50f9ab7ed0f', 'test121124', '/checkout', NULL, 0, NULL, NULL, NULL, NULL, NULL, NULL, '2024-12-16 16:36:12', '2024-12-16 16:36:12', NULL, NULL, NULL, NULL, NULL, NULL, NULL),
('b1ea0ff6-0ad5-4fa8-9cbc-6c79480f2907', 'test123', '/public/', NULL, 0, 'google', 'cpc', 'holiday_sale', '12345', 'shoes', 'ad1', '2024-12-04 18:14:38', '2024-12-04 18:14:38', NULL, NULL, NULL, NULL, NULL, NULL, NULL),
('b3cbc087-38dc-4092-ab4d-c1b2948d1675', 'test121124', '/', NULL, 0, NULL, NULL, NULL, NULL, NULL, NULL, '2024-12-11 14:53:10', '2024-12-11 14:53:10', NULL, NULL, NULL, NULL, NULL, NULL, NULL),
('b7908ab1-baea-4df3-bec4-bad0ac8317cc', 'test121124', '/', NULL, 0, NULL, NULL, NULL, NULL, NULL, NULL, '2024-12-11 14:39:21', '2024-12-11 14:39:21', NULL, NULL, NULL, NULL, NULL, NULL, NULL),
('b7c07ead-c3a2-44f8-aab8-4696060af004', 'test121124', '', NULL, 0, NULL, NULL, NULL, NULL, NULL, NULL, '2025-01-07 13:06:13', '2025-01-07 13:06:13', 'Windows', 'desktop', 'Chrome 131', NULL, NULL, NULL, NULL),
('b83029ef-28fe-4b45-a49a-052891be3a05', 'test123', '/public/', NULL, 0, 'google', 'cpc', 'holiday_sale', '12345', 'shoes', 'ad1', '2024-12-04 18:12:10', '2024-12-04 18:12:10', NULL, NULL, NULL, NULL, NULL, NULL, NULL),
('b92f3abe-b764-49f3-8c66-854b92414c2e', 'test123', '/', NULL, 0, NULL, NULL, NULL, NULL, NULL, NULL, '2024-12-07 09:56:24', '2024-12-07 09:56:24', NULL, NULL, NULL, NULL, NULL, NULL, NULL),
('bccc7bc9-1279-405c-922e-48c466aa58bf', 'test123', '/', NULL, 0, NULL, NULL, NULL, NULL, NULL, NULL, '2024-12-07 10:05:10', '2024-12-07 10:05:10', NULL, NULL, NULL, NULL, NULL, NULL, NULL),
('bd3ee04e-5608-4b98-b4e5-a70df4471eca', 'test123', '/', NULL, 0, NULL, NULL, NULL, NULL, NULL, NULL, '2024-12-07 13:45:00', '2024-12-07 13:45:00', NULL, NULL, NULL, NULL, NULL, NULL, NULL),
('bfa4f32d-9ed8-4349-8e7a-1eab639e85f0', 'test123', '/subscriptions', NULL, 0, 'vidfin', 'cpc', 'winter_sale', '12345', 'snow_boots', 'ad_banner', '2024-12-08 12:40:18', '2024-12-08 12:40:18', NULL, NULL, NULL, NULL, NULL, NULL, NULL),
('bfaa0414-2748-4501-bd46-af87b3b0267e', 'test123', '/public/', NULL, 0, 'google', 'cpc', 'holiday_sale', '12345', 'shoes', 'ad1', '2024-12-04 18:35:49', '2024-12-04 18:35:49', NULL, NULL, NULL, NULL, NULL, NULL, NULL),
('c3c6f4b3-b674-4f07-b518-f5b64f3c794a', 'test123', '/', NULL, 0, NULL, NULL, NULL, NULL, NULL, NULL, '2024-12-07 09:13:51', '2024-12-07 09:13:51', NULL, NULL, NULL, NULL, NULL, NULL, NULL),
('c3e134b4-0706-4d9b-bbee-24f46fb2876c', 'test123', '/', NULL, 0, 'yoogle', 'cpc', 'summer_sale', '12345', 'shoes', 'banner_ad', '2024-12-07 13:54:24', '2024-12-07 13:54:24', NULL, NULL, NULL, NULL, NULL, NULL, NULL),
('c3ec7157-7d1e-4cef-9f33-849f9e109076', 'test123', '/public/', NULL, 0, 'google', 'cpc', 'holiday_sale', '12345', 'shoes', 'ad1', '2024-12-04 18:12:14', '2024-12-04 18:12:14', NULL, NULL, NULL, NULL, NULL, NULL, NULL),
('c3f78a38-3ef2-47e0-b3c2-a0f3396a0cf5', 'test123', '/', NULL, 0, NULL, NULL, NULL, NULL, NULL, NULL, '2024-12-11 14:30:45', '2024-12-11 14:30:45', NULL, NULL, NULL, NULL, NULL, NULL, NULL),
('c599ccf3-f3ff-4b05-91bb-b29adf4fde3a', 'test121124', '/', NULL, 0, NULL, NULL, NULL, NULL, NULL, NULL, '2024-12-13 19:24:18', '2024-12-13 19:24:18', NULL, NULL, NULL, NULL, NULL, NULL, NULL),
('c60632a0-0187-4e36-9d2d-7b0b456dc560', 'test123', '/public/', NULL, 0, 'google', 'cpc', 'holiday_sale', '12345', 'shoes', 'ad1', '2024-12-04 18:01:16', '2024-12-04 18:01:16', NULL, NULL, NULL, NULL, NULL, NULL, NULL),
('c77c944f-b66a-4633-9dad-4c35e4de8ace', 'test121124', '/', NULL, 0, 'medium', 'cpc', 'holiday_sale', '12345', 'discount', 'ad1', '2024-12-18 12:53:57', '2024-12-18 12:53:57', NULL, NULL, NULL, NULL, NULL, NULL, NULL),
('c7b58e37-5ba3-4b73-b5d1-e51e7359dcac', 'd139938d-1ada-43e7-8aeb-0dd944977c64', '', NULL, 0, 'google', 'cpc', NULL, '12345', 'discount', 'ad1', '2025-01-04 15:47:43', '2025-01-04 15:47:43', 'MacOS', 'desktop', 'Chrome 119', NULL, NULL, NULL, NULL),
('c9d11b1e-bbaa-4d3c-a19b-93d683dff3a4', 'test123', '/public/', NULL, 0, 'google', 'cpc', 'holiday_sale', '12345', 'shoes', 'ad1', '2024-12-04 18:41:48', '2024-12-04 18:41:48', NULL, NULL, NULL, NULL, NULL, NULL, NULL),
('cbb638c0-39aa-420b-9c8d-9cba23e3a6d1', '1733080971336-esia3lhqg', '/public/', '/public/', 0, 'test', 'sdk_test', 'sdk_validation', 'test123', 'analytics', 'button', '2024-12-01 19:22:52', '2024-12-01 19:22:52', NULL, NULL, NULL, NULL, NULL, NULL, NULL),
('cd9f12a6-1377-4f23-9987-c0d8cba10952', 'cabc3bc4-0afb-45c7-a4e5-6b2fe92c432b', '', NULL, 0, 'google', 'cpc', NULL, '12345', 'discount', 'ad1', '2025-01-04 15:44:33', '2025-01-04 15:44:33', 'Android', 'mobile', 'Chrome 131', NULL, NULL, NULL, NULL),
('cdbdc013-59ba-4eff-b202-e04483aa328d', 'test123', '/public/', NULL, 0, 'google', 'cpc', 'holiday_sale', '12345', 'shoes', 'ad1', '2024-12-04 18:07:55', '2024-12-04 18:07:55', NULL, NULL, NULL, NULL, NULL, NULL, NULL),
('cfe878c1-fc26-437c-88bc-440a3af94e61', 'test123', '/public/', NULL, 0, 'google', 'cpc', 'holiday_sale', '12345', 'shoes', 'ad1', '2024-12-04 18:19:29', '2024-12-04 18:19:29', NULL, NULL, NULL, NULL, NULL, NULL, NULL),
('d1505098-15c0-43ea-91a1-424f82fd52f5', 'test121124', '', NULL, 0, NULL, NULL, NULL, NULL, NULL, NULL, '2025-01-13 17:06:04', '2025-01-13 17:06:04', 'iOS', 'tablet', 'Safari 16', NULL, NULL, NULL, NULL),
('d40b8be4-f6b7-4760-b3e5-5e43ad839f57', 'test123', '/', NULL, 0, 'google', 'cpc', 'summer_sale', '12345', 'shoes', 'banner_ad', '2024-12-07 13:51:28', '2024-12-07 13:51:28', NULL, NULL, NULL, NULL, NULL, NULL, NULL),
('d6f53ce8-aa3f-4be6-8972-8938465ab7ea', 'test121124', '', NULL, 0, 'google', 'cpc', NULL, '12345', 'discount', 'ad1', '2025-01-04 16:26:15', '2025-01-04 16:26:15', 'Android', 'mobile', 'Chrome 131', NULL, NULL, NULL, NULL),
('d7f45c55-15cb-4074-81d2-e40a83c7cf74', '1733139735452-7wa9y65u8', '/public/index.html', '/public/index.html', 0, 'test', 'sdk_test', 'sdk_validation', 'test123', 'analytics', 'button', '2024-12-02 11:42:18', '2024-12-02 11:42:18', NULL, NULL, NULL, NULL, NULL, NULL, NULL),
('d7fb7e50-1916-43d9-a978-e69d07b6c682', 'test123', '/', NULL, 0, 'yoogle', 'cpc', 'summer_sale', '12345', 'shoes', 'banner_ad', '2024-12-07 13:56:43', '2024-12-07 13:56:43', NULL, NULL, NULL, NULL, NULL, NULL, NULL),
('d8cc2336-950c-4a05-8098-422b273f781d', 'test123', '/', NULL, 0, NULL, NULL, NULL, NULL, NULL, NULL, '2024-12-08 08:48:52', '2024-12-08 08:48:52', NULL, NULL, NULL, NULL, NULL, NULL, NULL),
('d9811c00-e858-480a-a3a2-a639896b4044', 'test121124', '/', NULL, 0, NULL, NULL, NULL, NULL, NULL, NULL, '2024-12-13 19:23:11', '2024-12-13 19:23:11', NULL, NULL, NULL, NULL, NULL, NULL, NULL),
('d9f20c1f-3f44-4f64-a7fa-f80844a0bca4', 'test121124', '/', NULL, 0, 'amazon', 'cpc', 'holiday_sale', '12345', 'discount', 'ad1', '2024-12-18 13:30:36', '2024-12-18 13:30:36', NULL, NULL, NULL, NULL, NULL, NULL, NULL),
('dae42e72-07ac-4ff7-ac23-c99e80a50b72', '1733142797120-mpcee8b9k', '/public/index.html', '/public/index.html', 0, 'test', 'sdk_test', 'sdk_validation', 'test123', 'analytics', 'button', '2024-12-02 12:33:18', '2024-12-02 12:33:18', NULL, NULL, NULL, NULL, NULL, NULL, NULL),
('ddad6826-f579-419b-b100-b554942c5a8b', 'test123', '/subscriptions', NULL, 0, 'vidfin', 'cpc', 'winter_sale', '12345', 'snow_boots', 'ad_banner', '2024-12-08 09:22:12', '2024-12-08 09:22:12', NULL, NULL, NULL, NULL, NULL, NULL, NULL),
('e14bb85b-b674-405f-ac6f-6610d00f3d44', 'test123', '/public/', NULL, 0, 'google', 'cpc', 'holiday_sale', '12345', 'shoes', 'ad1', '2024-12-04 18:15:36', '2024-12-04 18:15:36', NULL, NULL, NULL, NULL, NULL, NULL, NULL),
('e20d0f78-7e06-44f7-a099-0ec5f7c6976d', 'test121124', '/', NULL, 0, 'google', 'cpc', 'holiday_sale', '12345', 'discount', 'ad1', '2024-12-16 17:37:06', '2024-12-16 17:37:06', NULL, NULL, NULL, NULL, NULL, NULL, NULL),
('e23790d3-51d3-49f4-b98a-c5a06491ba67', 'test121124', '', NULL, 0, NULL, NULL, NULL, NULL, NULL, NULL, '2025-01-08 08:22:51', '2025-01-08 08:22:51', 'Android', 'mobile', 'Chrome 131', NULL, NULL, NULL, NULL),
('e2840278-8a4b-4a4e-bf8e-d4b6763fbcdf', 'test123', '/subscriptions', NULL, 0, 'google', 'cpc', 'winter_sale', '12345', 'snow_boots', 'ad_banner', '2024-12-08 09:20:39', '2024-12-08 09:20:39', NULL, NULL, NULL, NULL, NULL, NULL, NULL),
('e359640e-105b-4ca2-99ad-f9d6174d36bf', 'test123', '/public/', NULL, 0, 'google', 'cpc', 'holiday_sale', '12345', 'shoes', 'ad1', '2024-12-04 18:19:36', '2024-12-04 18:19:36', NULL, NULL, NULL, NULL, NULL, NULL, NULL),
('e3c2c0cf-9349-458e-b18d-a3c302ca1b86', 'test121124', 'http://localhost:3001/', NULL, 0, NULL, NULL, NULL, NULL, NULL, NULL, '2025-01-06 12:15:25', '2025-01-06 12:15:25', 'Android', 'mobile', 'Chrome 131', NULL, NULL, NULL, NULL),
('e49e113f-8ca7-404b-a2a7-eabb9c76e4b1', 'test121124', '', NULL, 0, NULL, NULL, NULL, NULL, NULL, NULL, '2025-01-13 17:07:59', '2025-01-13 17:07:59', 'Android', 'mobile', 'Chrome 116', NULL, NULL, NULL, NULL),
('e60e3133-4541-42f3-8aea-8529684adf16', 'test121124', '', NULL, 0, 'google', 'cpc', NULL, '12345', 'discount', 'ad1', '2025-01-04 15:54:54', '2025-01-04 15:54:54', 'Android', 'mobile', 'Chrome 131', NULL, NULL, NULL, NULL),
('e65bddc9-c905-44c4-be43-b4682e7cdf69', 'test123', '/', NULL, 0, NULL, NULL, NULL, NULL, NULL, NULL, '2024-12-07 10:01:50', '2024-12-07 10:01:50', NULL, NULL, NULL, NULL, NULL, NULL, NULL),
('e6d05ba7-62f8-4c79-b98f-397637f58c45', 'test121124', '/', NULL, 0, NULL, NULL, NULL, NULL, NULL, NULL, '2024-12-20 11:34:21', '2024-12-20 11:34:21', NULL, NULL, NULL, NULL, NULL, NULL, NULL),
('ea42c943-0b13-45f4-a2a9-47e4cdd463ff', 'test121124', '/', NULL, 0, NULL, NULL, NULL, NULL, NULL, NULL, '2024-12-13 19:31:30', '2024-12-13 19:31:30', NULL, NULL, NULL, NULL, NULL, NULL, NULL),
('ec7dada5-cb0a-4f73-afa6-be6366f23477', 'test123', '/public/', NULL, 0, 'google', 'cpc', 'holiday_sale', '12345', 'shoes', 'ad1', '2024-12-04 18:06:10', '2024-12-04 18:06:10', NULL, NULL, NULL, NULL, NULL, NULL, NULL),
('f343fa87-2a9f-470d-8a1a-f96c7ee8c4b7', 'test123', '/subscriptions', NULL, 0, 'vidfin', 'cpc', 'winter_sale', '12345', 'snow_boots', 'ad_banner', '2024-12-08 09:26:38', '2024-12-08 09:26:38', NULL, NULL, NULL, NULL, NULL, NULL, NULL),
('f50cad59-b6a9-4a60-b32e-9ad52e304175', 'test123', '/', NULL, 0, 'yoogle', 'cpc', 'summer_sale', '12345', 'shoes', 'banner_ad', '2024-12-07 13:53:14', '2024-12-07 13:53:14', NULL, NULL, NULL, NULL, NULL, NULL, NULL),
('f925efc7-509d-45d3-b031-43305defeda7', 'test123', '/public/', NULL, 0, 'google', 'cpc', 'holiday_sale', '12345', 'shoes', 'ad1', '2024-12-04 18:38:20', '2024-12-04 18:38:20', NULL, NULL, NULL, NULL, NULL, NULL, NULL),
('f9a709c1-6938-4754-a000-bd004e23cdad', 'test123', '/', NULL, 0, NULL, NULL, NULL, NULL, NULL, NULL, '2024-12-07 13:43:25', '2024-12-07 13:43:25', NULL, NULL, NULL, NULL, NULL, NULL, NULL),
('fa1d5d52-81c7-41c9-95c6-ef1479094acb', 'test121124', '/', NULL, 0, NULL, NULL, NULL, NULL, NULL, NULL, '2024-12-13 19:48:33', '2024-12-13 19:48:33', NULL, NULL, NULL, NULL, NULL, NULL, NULL),
('fc551d41-8390-4176-8be1-f5205f33b7da', 'test121124', '', NULL, 0, NULL, NULL, NULL, NULL, NULL, NULL, '2025-01-08 08:10:19', '2025-01-08 08:10:19', 'Windows', 'desktop', 'Chrome 131', NULL, NULL, NULL, NULL),
('fe2072c9-b43f-47cb-a0c1-9cd54c72d5cb', 'test121124', '/', NULL, 0, NULL, NULL, NULL, NULL, NULL, NULL, '2024-12-13 19:38:03', '2024-12-13 19:38:03', NULL, NULL, NULL, NULL, NULL, NULL, NULL),
('ff5179b2-7e4a-4b00-ab2a-b73ebc65380c', 'test123', '/public/', NULL, 0, 'google', 'cpc', 'holiday_sale', '12345', 'shoes', 'ad1', '2024-12-04 18:19:38', '2024-12-04 18:19:38', NULL, NULL, NULL, NULL, NULL, NULL, NULL);

-- --------------------------------------------------------

--
-- Table structure for table `signup`
--

CREATE TABLE `signup` (
  `id` char(36) CHARACTER SET utf8mb4 COLLATE utf8mb4_bin NOT NULL,
  `sessionId` char(36) CHARACTER SET utf8mb4 COLLATE utf8mb4_bin NOT NULL,
  `userId` varchar(255) NOT NULL,
  `timestamp` datetime NOT NULL,
  `createdAt` datetime NOT NULL,
  `updatedAt` datetime NOT NULL
) ENGINE=InnoDB DEFAULT CHARSET=utf8mb4 COLLATE=utf8mb4_0900_ai_ci;

--
-- Dumping data for table `signup`
--

INSERT INTO `signup` (`id`, `sessionId`, `userId`, `timestamp`, `createdAt`, `updatedAt`) VALUES
('1100ea6d-539a-4c15-a1fa-f5131928d997', 'e6d05ba7-62f8-4c79-b98f-397637f58c45', '12', '2024-12-20 11:34:35', '2024-12-20 11:34:35', '2024-12-20 11:34:35'),
('9107435b-a324-4c7b-ad1a-ab89d6c8daf3', '43b26b45-dfe0-4560-944c-9ed0feda2306', '12', '2024-12-16 14:51:05', '2024-12-16 14:51:05', '2024-12-16 14:51:05'),
('a7f9517e-3f58-4d03-97b4-f4af2a49a1cc', '4d96a921-5414-4ad2-be1c-717e034808d2', '12', '2024-12-17 07:08:47', '2024-12-17 07:08:47', '2024-12-17 07:08:47'),
('ee875f7e-6a6a-4e0b-a730-3a67f79b098e', '4d96a921-5414-4ad2-be1c-717e034808d2', '12', '2024-12-17 07:16:22', '2024-12-17 07:16:22', '2024-12-17 07:16:22');

--
-- Indexes for dumped tables
--

--
-- Indexes for table `add_to_cart`
--
ALTER TABLE `add_to_cart`
  ADD PRIMARY KEY (`id`),
  ADD KEY `sessionId` (`sessionId`);

--
-- Indexes for table `add_to_favourites`
--
ALTER TABLE `add_to_favourites`
  ADD PRIMARY KEY (`id`),
  ADD KEY `sessionId` (`sessionId`);

--
-- Indexes for table `clicks`
--
ALTER TABLE `clicks`
  ADD PRIMARY KEY (`id`),
  ADD KEY `clicks_session_id` (`sessionId`),
  ADD KEY `clicks_timestamp` (`timestamp`);

--
-- Indexes for table `conversions`
--
ALTER TABLE `conversions`
  ADD PRIMARY KEY (`id`),
  ADD KEY `conversions_session_id` (`sessionId`),
  ADD KEY `conversions_timestamp` (`timestamp`);

--
-- Indexes for table `events`
--
ALTER TABLE `events`
  ADD PRIMARY KEY (`id`),
  ADD KEY `events_session_id` (`sessionId`),
  ADD KEY `events_timestamp` (`timestamp`);

--
-- Indexes for table `feature_products`
--
ALTER TABLE `feature_products`
  ADD PRIMARY KEY (`id`),
  ADD KEY `sessionId` (`sessionId`);

--
-- Indexes for table `header_navigation`
--
ALTER TABLE `header_navigation`
  ADD PRIMARY KEY (`id`),
  ADD KEY `sessionId` (`sessionId`);

--
-- Indexes for table `proceed_to_checkout`
--
ALTER TABLE `proceed_to_checkout`
  ADD PRIMARY KEY (`id`),
  ADD KEY `sessionId` (`sessionId`);

--
-- Indexes for table `proceed_to_payment`
--
ALTER TABLE `proceed_to_payment`
  ADD PRIMARY KEY (`id`),
  ADD KEY `sessionId` (`sessionId`);

--
-- Indexes for table `query_feedback`
--
ALTER TABLE `query_feedback`
  ADD PRIMARY KEY (`auto_id`);

--
-- Indexes for table `search_bar`
--
ALTER TABLE `search_bar`
  ADD PRIMARY KEY (`id`),
  ADD KEY `sessionId` (`sessionId`);

--
-- Indexes for table `SequelizeMeta`
--
ALTER TABLE `SequelizeMeta`
  ADD PRIMARY KEY (`name`),
  ADD UNIQUE KEY `name` (`name`);

--
-- Indexes for table `sessions`
--
ALTER TABLE `sessions`
  ADD PRIMARY KEY (`id`),
  ADD KEY `sessions_tracking_id` (`trackingId`),
  ADD KEY `sessions_created_at` (`createdAt`);

--
-- Indexes for table `signup`
--
ALTER TABLE `signup`
  ADD PRIMARY KEY (`id`),
  ADD KEY `sessionId` (`sessionId`);

--
-- AUTO_INCREMENT for dumped tables
--

--
-- AUTO_INCREMENT for table `query_feedback`
--
ALTER TABLE `query_feedback`
  MODIFY `auto_id` bigint NOT NULL AUTO_INCREMENT, AUTO_INCREMENT=44;

--
-- Constraints for dumped tables
--

--
-- Constraints for table `add_to_cart`
--
ALTER TABLE `add_to_cart`
  ADD CONSTRAINT `add_to_cart_ibfk_1` FOREIGN KEY (`sessionId`) REFERENCES `sessions` (`id`);

--
-- Constraints for table `add_to_favourites`
--
ALTER TABLE `add_to_favourites`
  ADD CONSTRAINT `add_to_favourites_ibfk_1` FOREIGN KEY (`sessionId`) REFERENCES `sessions` (`id`) ON DELETE CASCADE ON UPDATE CASCADE;

--
-- Constraints for table `clicks`
--
ALTER TABLE `clicks`
  ADD CONSTRAINT `clicks_ibfk_1` FOREIGN KEY (`sessionId`) REFERENCES `sessions` (`id`) ON DELETE CASCADE ON UPDATE CASCADE;

--
-- Constraints for table `conversions`
--
ALTER TABLE `conversions`
  ADD CONSTRAINT `conversions_ibfk_1` FOREIGN KEY (`sessionId`) REFERENCES `sessions` (`id`) ON UPDATE CASCADE;

--
-- Constraints for table `events`
--
ALTER TABLE `events`
  ADD CONSTRAINT `events_ibfk_1` FOREIGN KEY (`sessionId`) REFERENCES `sessions` (`id`) ON UPDATE CASCADE;

--
-- Constraints for table `feature_products`
--
ALTER TABLE `feature_products`
  ADD CONSTRAINT `feature_products_ibfk_1` FOREIGN KEY (`sessionId`) REFERENCES `sessions` (`id`) ON DELETE CASCADE ON UPDATE CASCADE;

--
-- Constraints for table `header_navigation`
--
ALTER TABLE `header_navigation`
  ADD CONSTRAINT `header_navigation_ibfk_1` FOREIGN KEY (`sessionId`) REFERENCES `sessions` (`id`) ON DELETE CASCADE ON UPDATE CASCADE;

--
-- Constraints for table `proceed_to_checkout`
--
ALTER TABLE `proceed_to_checkout`
  ADD CONSTRAINT `proceed_to_checkout_ibfk_1` FOREIGN KEY (`sessionId`) REFERENCES `sessions` (`id`);

--
-- Constraints for table `proceed_to_payment`
--
ALTER TABLE `proceed_to_payment`
  ADD CONSTRAINT `proceed_to_payment_ibfk_1` FOREIGN KEY (`sessionId`) REFERENCES `sessions` (`id`) ON DELETE CASCADE ON UPDATE CASCADE;

--
-- Constraints for table `search_bar`
--
ALTER TABLE `search_bar`
  ADD CONSTRAINT `search_bar_ibfk_1` FOREIGN KEY (`sessionId`) REFERENCES `sessions` (`id`) ON DELETE CASCADE ON UPDATE CASCADE;

--
-- Constraints for table `signup`
--
ALTER TABLE `signup`
  ADD CONSTRAINT `signup_ibfk_1` FOREIGN KEY (`sessionId`) REFERENCES `sessions` (`id`) ON DELETE CASCADE ON UPDATE CASCADE;
COMMIT;

/*!40101 SET CHARACTER_SET_CLIENT=@OLD_CHARACTER_SET_CLIENT */;
/*!40101 SET CHARACTER_SET_RESULTS=@OLD_CHARACTER_SET_RESULTS */;
/*!40101 SET COLLATION_CONNECTION=@OLD_COLLATION_CONNECTION */;
